municipio;IBGE6 dig;IBGE7dig;diregional;;SMAS;CMAS
ABADIA DOS DOURADOS;310010;3100104;Uberlandia;310010;crasabadia@gmail.com;crasabadia@gmail.com
ABAETE;310020;3100203;Divinopolis;310020;acaosocial@abaete.mg.gov.br;eliana_10@hotmail.com
ABRE CAMPO;310030;3100302;Timoteo;310030;smasabrecampo@hotmail.com;cmasabrecampo@hotmail.com
ACAIACA;310040;3100401;Timoteo;310040;semas_acaiaca@yahoo.com.br;semas_acaiaca@yahoo.com.br
ACUCENA;310050;3100500;Governador Valadares;310050;social@acucena.mg.gov.br;cmasacucena@yahoo.com.br
AGUA BOA;310060;3100609;Teofilo Otoni;310060;acaosocialab@outlook.com;cmasab@aguaboa.mg.gov.br
AGUA COMPRIDA;310070;3100708;Uberaba;310070;assistenciasocial@pmaguacomprida.mg.gov.br;assistenciasocial@pmaguacomprida.mg.gov.br
AGUANIL;310080;3100807;Divinopolis;310080;social@aguanil.mg.gov.br;"cmas@aguanil.mg.gov.br;willianh2onil@hotmail.com"
AGUAS FORMOSAS;310090;3100906;Teofilo Otoni;310090;social@aguasformosas.mg.gov.br;"conselhosocialaf@gmail.com;cons.formosas@yahoo.com.br;"
AGUAS VERMELHAS;310100;3101003;Salinas;310100;nayaraasav@yahoo.com.br;crasavmg@yahoo.com.br
AIMORES;310110;3101102;Governador Valadares;310110;assistenciasocial@aimores.mg.gov.br;"marcochaves69@gmail.com;cmas.aimores@yahoo.com.br;"
AIURUOCA;310120;3101201;Varginha;310120;sedesa@aiuruoca.mg.gov.br;convenios@aiuruoca.mg.gov.br
ALAGOA;310130;3101300;Varginha;310130;social@alagoa.mg.gov.br;cmas@alagoa.mg.gov.br
ALBERTINA;310140;3101409;Pocos de Caldas;310140;social@albertina.mg.gov.br;cmas@albertina.mg.gov.br
ALEM PARAIBA;310150;3101508;Juiz de Fora;310150;social@alemparaiba.mg.gov.br;"cmasalemparaiba@gmail.com;"
ALFENAS;310160;3101607;Varginha;310160;jucemar.ribeiro@alfenas.mg.gov.br;"cmasal@alfenas.mg.gov.br; lenin.carvalho@alfenas.mg.gov.br;"
ALFREDO VASCONCELOS;310163;3101631;Sao Joao del Rei;310163;socialvasc@city10.com.br;crasmav@city10.com.br
ALMENARA;310170;3101706;Almenara;310170;smasalmenara@gmail.com;smasalmenara@gmail.com
ALPERCATA;310180;3101805;Governador Valadares;310180;smas.alpercata@gmail.com;sec.conselho.alpercata@hotmail.com
ALPINOPOLIS;310190;3101904;Passos;310190;dmas@alpinopolis.mg.gov.br;cmas@alpinopolis.mg.gov.br
ALTEROSA;310200;3102001;Passos;310200;assistenciasocial@alterosa.mg.gov.br;assistenciasocial@alterosa.mg.gov.br
ALTO CAPARAO;310205;3102050;Muriae;310205;assistenciasocialdealtocaparao@yahoo.com.br;assistenciasocialdealtocaparao@yahoo.com.br
ALTO JEQUITIBA;315350;3153509;Muriae;315350;assistenciasocial@altojequitiba.mg.gov.br;cmas.altojequitiba@outlook.com
ALTO RIO DOCE;310210;3102100;Sao Joao del Rei;310210;dmasard@gmail.com;dmasard@gmail.com
ALVARENGA;310220;3102209;Governador Valadares;310220;crasalvarenga09@hotmail.com;cmasalvarenga@hotmail.com
ALVINOPOLIS;310230;3102308;Timoteo;310230;"acaosocialalvinopolis@outlook.com;acaosocialalvinopolismg@gmail.com;";"acaosocialalvinopolis@outlook.com;gabrielmengmina@gmail.com;acaosocialalvinopolismg@gmail.com;"
ALVORADA DE MINAS;310240;3102407;Diamantina;310240;assistenciasocial.alvorada@gmail.com;conselhosalvorada2013@yahoo.com.br
AMPARO DO SERRA;310250;3102506;Muriae;310250;assistenciasocial@amparodoserra.mg.gov.br;cmas.ampserra@gmail.com
ANDRADAS;310260;3102605;Pocos de Caldas;310260;social@andradas.mg.gov.br;cmas@andradas.mg.gov.br
ANDRELANDIA;310280;3102803;Juiz de Fora;310280;cras@andrelandia.mg.gov.br;cmasandrel@yahoo.com.br
ANGELANDIA;310285;3102852;Diamantina;310285;social@angelandia.mg.gov.br;cmasangelandia@hotmail.com
ANTONIO CARLOS;310290;3102902;Sao Joao del Rei;310290;smasantoniocarlos@yahoo.com.br;cmassantcarlos@yahoo.com.br
ANTONIO DIAS;310300;3103009;Timoteo;310300;"cras_ad@hotmail.com;gestao.ad2018@gmail.com;";cmasadias@yahoo.com.br
ANTONIO PRADO DE MINAS;310310;3103108;Muriae;310310;gestao1720@gmail.com;"cmas@antoniopradodeminas.mg.gov.br;social@antoniopradodeminas.mg.gov.br"
ARACAI;310320;3103207;Curvelo;310320;assistenciasocial@aracai.mg.gov.br;cmasaracai@bol.com.br
ARACITABA;310330;3103306;Juiz de Fora;310330;social@aracitaba.mg.gov.br;social@aracitaba.mg.gov.br
ARACUAI;310340;3103405;Aracuai;310340;social@aracuai.mg.gov.br;cmas@aracuai.mg.gov.br
ARAGUARI;310350;3103504;Uberlandia;310350;asocial@araguari.mg.gov.br;conselhosaraguari@yahoo.com.br
ARANTINA;310360;3103603;Juiz de Fora;310360;bolsafamiliaarantina@yahoo.com.br;sec.social@arantina.mg.gov.br
ARAPONGA;310370;3103702;Muriae;310370;socialaraponga@yahoo.com.br;cmasaraponga@yahoo.com.br
ARAPORA;310375;3103751;Uberlandia;310375;"acaosocial@arapora.mg.gov.br;elianesmartinss@gmail.com;";"conselhos@arapora.mg.gov.br;lucelyfaria@yahoo.com.br;"
ARAPUA;310380;3103801;Patos de Minas;310380;"social@arapua.mg.gov.br;cleuniceaprfernandes@hotmail.com;";cmas@arapua.mg.gov.br
ARAUJOS;310390;3103900;Divinopolis;310390;assistenciasocialaraujos@yahoo.com.br;cmasaraujos@yahoo.com.br
ARAXA;310400;3104007;Uberaba;310400;socialprojetos@araxa.mg.gov.br;"cmas@araxa.mg.gov.br;pedro.sedep@araxa.mg.gov.br"
ARCEBURGO;310410;3104106;Pocos de Caldas;310410;pmassistencia@yahoo.com.br;cmas_arceburgo@yahoo.com.br
ARCOS;310420;3104205;Divinopolis;310420;integracaosocial@arcos.mg.gov.br;cmas@arcos.mg.gov.br
AREADO;310430;3104304;Varginha;310430;"servicosocialareado@ip3.com.br;servicosocialareado@gmail.com; servicosocial@areado.mg.gov.br;";conselhosmunicipais.areado@yahoo.com.br
ARGIRITA;310440;3104403;Juiz de Fora;310440;assistenciasocial@argirita.mg.gov.br;assistenciasocial@argirita.mg.gov.br
ARICANDUVA;310445;3104452;Diamantina;310445;social@aricanduva.mg.gov.br;"cmasaricanduva@gmail.com;"
ARINOS;310450;3104502;Paracatu;310450;social@arinos.mg.gov.br;cmas@arinos.mg.gov.br
ASTOLFO DUTRA;310460;3104601;Juiz de Fora;310460;adrianacazetta@yahoo.com.br;tatilcarvalho@yahoo.com.br
ATALEIA;310470;3104700;Teofilo Otoni;310470;social@ataleia.mg.gov.br;cmasataleia@hotmail.com
AUGUSTO DE LIMA;310480;3104809;Curvelo;310480;socialaugustodelima@yahoo.com.br;cmasalima@hotmail.com
BAEPENDI;310490;3104908;Varginha;310490;gestor.social@baependi.mg.gov.br;gestor.social@baependi.mg.gov.br
BALDIM;310500;3105004;Metropolitana;310500;assistenciasocialbaldim@yahoo.com.br;assistenciasocialbaldim@yahoo.com.br
BAMBUI;310510;3105103;Divinopolis;310510;assistenciasocial@bambui.mg.gov.br;bambuisocial@gmail.com
BANDEIRA;310520;3105202;Almenara;310520;assistenciasocial@bandeira.mg.gov.br;cmasbandeira@hotmail.com
BANDEIRA DO SUL;310530;3105301;Pocos de Caldas;310530;assistenciasocial@bandeiradosul.mg.gov.br;cmas@bandeiradosul.mg.gov.br
BARAO DE COCAIS;310540;3105400;Metropolitana;310540;a.social@baraodecocais.mg.gov.br;secretariaexecutivabc@yahoo.com.br
BARAO DE MONTE ALTO;310550;3105509;Muriae;310550;socialbarao@outlook.com;cmasbarao@outlook.com
BARBACENA;310560;3105608;Sao Joao del Rei;310560;desenvolvimento.social@barbacena.mg.gov.br;smomgo@hotmail.com
BARRA LONGA;310570;3105707;Timoteo;310570;semasbarralonga.2015@gmail.com;mariadaconceicaonatividade@gmail.com
BARROSO;310590;3105905;Sao Joao del Rei;310590;semdes@barroso.mg.gov.br;"semdes@barroso.mg.gov.br; cmas@barroso.mg.gov.br"
BELA VISTA DE MINAS;310600;3106002;Timoteo;310600;dasbvm@yahoo.com.br;dasbvm@yahoo.com.br
BELMIRO BRAGA;310610;3106101;Juiz de Fora;310610;assistenciasocialbb@yahoo.com.br;assistenciasocialbb@yahoo.com.br
BELO HORIZONTE;310620;3106200;Metropolitana;310620;smaas@pbh.gov.br;cmasbh@pbh.gov.br
BELO ORIENTE;310630;3106309;Timoteo;310630;assistenciasocial@belooriente.mg.gov.br;cmasbeloorientemg@gmail.com
BELO VALE;310640;3106408;Metropolitana;310640;ssocial.pmbelovale@gmail.com;ssocial.pmbelovale@gmail.com
BERILO;310650;3106507;Aracuai;310650;socialpmberilo@gmail.com;cmasberilo@gmail.com
BERIZAL;310665;3106655;Salinas;310665;social.berizalmg@gmail.com;cmasberizal@yahoo.com.br
BERTOPOLIS;310660;3106606;Teofilo Otoni;310660;"social@bertopolis.mg.gov.br;lucineiapereirasantos@hotmail.com;";social@bertopolis.mg.gov.br
BETIM;310670;3106705;Metropolitana;310670;"recursosexternos.semas.betim@gmail.com;gestaosuasbetim@gmail.com;";cmas@betim.mg.gov.br
BIAS FORTES;310680;3106804;Juiz de Fora;310680;crasbiasfortes@hotmail.com;cmasbiasfortes@outlook.com
BICAS;310690;3106903;Juiz de Fora;310690;social@bicas.mg.gov.br;cmasbicas17@gmail.com
BIQUINHAS;310700;3107000;Divinopolis;310700;ass.social@biquinhas.mg.gov.br;ass.social@biquinhas.mg.gov.br
BOA ESPERANCA;310710;3107109;Varginha;310710;"social.assistenciahabitacao.boaesperanca@hotmail.com;smps.secretario@boaesperanca.mg.gov.br;vigilanciasocial@hotmail.com;";cmas.boaesperanca@hotmail.com
BOCAINA DE MINAS;310720;3107208;Juiz de Fora;310720;sec_ass.socialbm@yahoo.com.br;sec_ass.socialbm@yahoo.com.br
BOCAIUVA;310730;3107307;Montes Claros;310730;desenvolvimentosocial@bocaiuva.mg.gov.br;cmasbocaiuva@outlook.com
BOM DESPACHO;310740;3107406;Divinopolis;310740;social@bomdespacho.mg.gov.br;cmas@pmbd.mg.gov.br
BOM JARDIM DE MINAS;310750;3107505;Juiz de Fora;310750;acaosocial@bomjardimdeminas.mg.gov.br;vanrabeca@yahoo.com.br
BOM JESUS DA PENHA;310760;3107604;Passos;310760;assistenciasocial@bomjesusdapenha.mg.gov.br;cmas@bomjesusdapenha.mg.gov.br
BOM JESUS DO AMPARO;310770;3107703;Metropolitana;310770;cras@bomjesusdoamparo.mg.gov.br;cras@bomjesusdoamparo.mg.gov.br
BOM JESUS DO GALHO;310780;3107802;Timoteo;310780;dmas_bomjesusdogalho@yahoo.com;cmas_bomjesusdogalho@yahoo.com
BOM REPOUSO;310790;3107901;Pocos de Caldas;310790;assistenciasocialbr@yahoo.com.br;cmas@yahoo.com.br
BOM SUCESSO;310800;3108008;Sao Joao del Rei;310800;semas@bomsucesso.mg.gov.br;bscmas@yahoo.com.br
BONFIM;310810;3108107;Metropolitana;310810;assistenciasocial@prefeiturabonfim.mg.gov.br;"socialbonfimviviane@yahoo.com;vivianesilva182008@hotmail.com"
BONFINOPOLIS DE MINAS;310820;3108206;Paracatu;310820;pref.acaosocial@bonfinopolis.mg.gov.br;pref.acaosocial@bonfinopolis.mg.gov.br
BONITO DE MINAS;310825;3108255;Montes Claros;310825;social@bonitodeminas.mg.gov.br;cmas@bonitodeminas.mg.gov.br
BORDA DA MATA;310830;3108305;Pocos de Caldas;310830;social@bordadamata.mg.gov.br;cmas@bordadamata.mg.gov.br
BOTELHOS;310840;3108404;Pocos de Caldas;310840;cras@botelhos.mg.gov.br;cras@botelhos.mg.gov.br
BOTUMIRIM;310850;3108503;Montes Claros;310850;socialbotumirim@yahoo.com.br;cmas.botumirim@yahoo.com.br
BRAS PIRES;310870;3108701;Sao Joao del Rei;310870;assistenciasocial@braspires.mg.gov.br;cmasbp07@gmail.com
BRASILANDIA DE MINAS;310855;3108552;Paracatu;310855;"assessoria@brasilandiademinas.mg.gov.br; flaviaregina@brasilandiademinas.mg.gov.br";reizinha@brasilandiademinas.mg.gov.br
BRASILIA DE MINAS;310860;3108602;Montes Claros;310860;assistenciasocial@brasiliademinas.mg.gov.br;cmas@brasiliademinas.mg.gov.br
BRASOPOLIS;310890;3108909;Pocos de Caldas;310890;socialbrazopolis@yahoo.com.br;"socialbrazopolis@yahoo.com.br;"
BRAUNAS;310880;3108800;Timoteo;310880;assistenciasocial@braunas.mg.gov.br;"assistenciasocial@braunas.mg.gov.br;cmas@braunas.mg.gov.br"
BRUMADINHO;310900;3109006;Metropolitana;310900;acaosocial@brumadinho.mg.gov.br;conselhos.brum@gmail.com
BUENO BRANDAO;310910;3109105;Pocos de Caldas;310910;acaocomunitaria@buenobrandao.mg.gov.br;cmas_bb@buenobrandao.mg.gov.br
BUENOPOLIS;310920;3109204;Curvelo;310920;assistenciasocialbue@yahoo.com.br;cmasbue@yahoo.com.br
BUGRE;310925;3109253;Timoteo;310925;smasocial.bugre@gmail.com;CONSELHO.AS@GMAIL.COM
BURITIS;310930;3109303;Paracatu;310930;semas@buritis.mg.gov.br;cmas.buritis@outlook.com
BURITIZEIRO;310940;3109402;Montes Claros;310940;sepsburi@gmail.com;"sepsburi@gmail.com;"
CABECEIRA GRANDE;310945;3109451;Paracatu;310945;crascabeceiragrande@gmail.com;"cmascabeceiragrande@gmail.com; uilsinhogomes@yahoo.com.br"
CABO VERDE;310950;3109501;Pocos de Caldas;310950;marianapedrocida@gmail.com;luceliasouzamb@hotmail.com
CACHOEIRA DA PRATA;310960;3109600;Metropolitana;310960;social@cachoeiradaprata.mg.gov.br;social@cachoeiradaprata.mg.gov.br
CACHOEIRA DE MINAS;310970;3109709;Pocos de Caldas;310970;tmsleao@yahoo.com.br;social@cachoeirademinas.mg.gov.br
CACHOEIRA DE PAJEU;310270;3102704;Salinas;310270;smas_cpajeu@yahoo.com.br;smas_cpajeu@yahoo.com.br
CACHOEIRA DOURADA;310980;3109808;Ituiutaba;310980;smas@cachoeiradourada.mg.gov.br;cmascdmg@gmail.com
CAETANOPOLIS;310990;3109907;Curvelo;310990;"cras@caetanopolis.mg.gov.br;assistencia@caetanopolis.mg.gov.br;";secretariaexec@caetanopolis.mg.gov.br
CAETE;311000;3110004;Metropolitana;311000;semas@caete.mg.gov.br;"conselhocaeteassistenciasocial@yahoo.com.br;elemasem@yahoo.com;"
CAIANA;311010;3110103;Muriae;311010;smascaiana@gmail.com;cmascaiana@gmail.com
CAJURI;311020;3110202;Muriae;311020;social@cajuri.mg.gov.br;conselhomunicipalcajuri@yahoo.com.br
CALDAS;311030;3110301;Pocos de Caldas;311030;"sdsc.caldas.mg@gmail.com;seaps@caldas.mg.gov.br";cmas.caldas.mg@gmail.com
CAMACHO;311040;3110400;Divinopolis;311040;smascamachomg@gmail.com;cmascamacho2011@gmail.com
CAMANDUCAIA;311050;3110509;Pocos de Caldas;311050;assistenciasocial@camanducaia.mg.gov.br;cras@camanducaia.mg.gov.br
CAMBUI;311060;3110608;Pocos de Caldas;311060;semas@prefeituradecambui.mg.gov.br;comas@prefeituradecambui.mg.gov.br
CAMBUQUIRA;311070;3110707;Varginha;311070;assistenciasocial@cambuquira.mg.gov.br;cbqsocial@yahoo.com.br
CAMPANARIO;311080;3110806;Teofilo Otoni;311080;smas.campanario@yahoo.com;cmascampanario@yahoo.com
CAMPANHA;311090;3110905;Varginha;311090;assistenciasocial@campanha.mg.gov.br;cmascampanha@gmail.com
CAMPESTRE;311100;3111002;Pocos de Caldas;311100;sec.social@campestre.mg.gov.br;sec.social@campestre.mg.gov.br
CAMPINA VERDE;311110;3111101;Ituiutaba;311110;assistenciasocialcampinaverde@gmail.com;"cmascverde@outlook.com;assistenciasocialcampinaverde@gmail.com;"
CAMPO AZUL;311115;3111150;Montes Claros;311115;"smasca2017@yahoo.com;ascampoazul@yahoo.com.br;";"cmasca2017@yahoo.com.br;cmasca2017@yahoo.com;"
CAMPO BELO;311120;3111200;Divinopolis;311120;socialcampobelo@gmail.com;"socialconselhos@gmail.com;"
CAMPO DO MEIO;311130;3111309;Varginha;311130;pmcmsocial@yahoo.com.br;coselhocdm2017@hotmail.com
CAMPO FLORIDO;311140;3111408;Uberaba;311140;social@campoflorido.mg.gov.br;"cmas@campoflorido.mg.gov.br;social@campoflorido.mg.gov.br;"
CAMPOS ALTOS;311150;3111507;Patos de Minas;311150;semas@camposaltos.mg.gov.br;semas@camposaltos.mg.gov.br
CAMPOS GERAIS;311160;3111606;Varginha;311160;dascamposgerais@yahoo.com.br;cmasgerais@yahoo.com.br
CANA VERDE;311190;3111903;Divinopolis;311190;priscilabastospsi@bol.com.br;cras@canaverde.mg.gov.br
CANAA;311170;3111705;Muriae;311170;servicosocialcanaa@yahoo.com.br;cmas.canaa@yahoo.com.br
CANAPOLIS;311180;3111804;Ituiutaba;311180;smascanapolis@yahoo.com.br;beatrizcanapim@hotmail.com
CANDEIAS;311200;3112000;Divinopolis;311200;"assistenciasocialcandeiasmg@yahoo.com.br;naiaracandeias@hotmail.com;";"assistenciasocialcandeiasmg@yahoo.com.br;sisialcantara@hotmail.com;"
CANTAGALO;311205;3112059;Governador Valadares;311205;smascantagalo2017@outlook.com;smascantagalo2017@outlook.com
CAPARAO;311210;3112109;Muriae;311210;smascaparao@hotmail.com;cmascaparao@hotmail.com
CAPELA NOVA;311220;3112208;Sao Joao del Rei;311220;assistenciasocial@capelanova.mg.gov.br;"cmascn2017@gmail.com;cmascn@gmail.com;"
CAPELINHA;311230;3112307;Diamantina;311230;social@pmcapelinha.mg.gov.br;"cmascapelinha@hotmail.com;"
CAPETINGA;311240;3112406;Passos;311240;assistenciasocial@capetinga.mg.gov.br;"isabel.coutinho2013@bol.com.br;cmas.capetinga@gmail.com;"
CAPIM BRANCO;311250;3112505;Metropolitana;311250;social@capimbranco.mg.gov.br;cmasocial@capimbranco.mg.gov.br
CAPINOPOLIS;311260;3112604;Ituiutaba;311260;assistenciasocial@capinopolis.mg.gov.br;cmasdecapinopolis@yahoo.com.br
CAPITAO ANDRADE;311265;3112653;Governador Valadares;311265;secrascapitaoandrade@hotmail.com;secrascapitaoandrade@hotmail.com
CAPITAO ENEAS;311270;3112703;Montes Claros;311270;"pmce.asocial@hotmail.com;";cmascp13@yahoo.com.br
CAPITOLIO;311280;3112802;Passos;311280;social@capitolio.mg.gov.br;cmascapitolio@yahoo.com.br
CAPUTIRA;311290;3112901;Muriae;311290;pmcaputira_gov@yahoo.com.br;jusleine@oi.com.br
CARAI;311300;3113008;Teofilo Otoni;311300;acaosocial@carai.mg.gov.br;"cmas.carai@carai.mg.gov.br;bejardim37@gmail.com;"
CARANAIBA;311310;3113107;Sao Joao del Rei;311310;servicosocial@caranaiba.mg.gov.br;cmas@caranaiba.mg.gov.br
CARANDAI;311320;3113206;Sao Joao del Rei;311320;assistenciasocial@carandai.mg.gov.br;LEONIDIACHIERICATO@HOTMAIL.COM
CARANGOLA;311330;3113305;Muriae;311330;social@carangola.mg.gov.br;comascarangola@hotmail.com
CARATINGA;311340;3113404;Timoteo;311340;desenvolvimentosocial@caratinga.mg.gov.br;"sec@social.caratinga.mg.gov.br;conselhos@social.caratinga.mg.gov.br;"
CARBONITA;311350;3113503;Diamantina;311350;social@carbonita.mg.gov.br;cmas.carbonita@hotmail.com
CAREACU;311360;3113602;Varginha;311360;"smscareacu@bol.com.br;smsaudecareacu@gmail.com;";"pcareacu@uol.com.br;crascareacu@yahoo.com.br;"
CARLOS CHAGAS;311370;3113701;Teofilo Otoni;311370;"assistencia@carloschagas.mg.gov.br;dagmartins@hotmail.com;";assistencia@carloschagas.mg.gov.br
CARMESIA;311380;3113800;Timoteo;311380;social@carmesia.mg.gov.br;cmas@carmesia.mg.gov.br
CARMO DA CACHOEIRA;311390;3113909;Varginha;311390;assistenciasocial@carmodacachoeira.mg.gov.br;cmas@carmodacachoeira.mg.gov.br
CARMO DA MATA;311400;3114006;Divinopolis;311400;"dmdscmata@yahoo.com.br;matheus-nascimento16@hotmail.com;";dmdscmata@yahoo.com.br
CARMO DE MINAS;311410;3114105;Varginha;311410;omas@carmodeminas.mg.gov.br;cmascmmg@yahoo.com.br
CARMO DO CAJURU;311420;3114204;Divinopolis;311420;social@carmodocajuru.mg.gov.br;cmas.carmodocajuru@gmail.com
CARMO DO PARANAIBA;311430;3114303;Patos de Minas;311430;desenvolvimentosocial@carmodoparanaiba.mg.gov.br;cmascpmg@bol.com.br
CARMO DO RIO CLARO;311440;3114402;Passos;311440;acao.social@carmodorioclaro.mg.gov.br;cmascrclaro2015@outlook.com
CARMOPOLIS DE MINAS;311450;3114501;Divinopolis;311450;assistenciasocial@carmopolisdeminas.mg.gov.br;cmas@carmopolisdeminas.mg.gov.br
CARNEIRINHO;311455;3114550;Ituiutaba;311455;assistenciasocial@carneirinho.mg.gov.br;Ivaldete_rs25@hotmail.com
CARRANCAS;311460;3114600;Sao Joao del Rei;311460;social@carrancas.mg.gov.br;social@carrancas.mg.gov.br
CARVALHOPOLIS;311470;3114709;Varginha;311470;associal@carvalhopolis.mg.gov.br;cmas@carvalhopolis.mg.gov.br
CARVALHOS;311480;3114808;Juiz de Fora;311480;cras.carvalhos@hotmail.com;cras.carvalhos@hotmail.com
CASA GRANDE;311490;3114907;Sao Joao del Rei;311490;"cras@casagrande.mg.gov.br; liviafaria19@hotmail.com";cras@casagrande.mg.gov.br
CASCALHO RICO;311500;3115003;Uberlandia;311500;socialcascalho@yahoo.com.br;socialcascalho@yahoo.com.br
CASSIA;311510;3115102;Passos;311510;desenvsocial@cassia.mg.gov.br;cmas@cassia.mg.gov.br
CATAGUASES;311530;3115300;Muriae;311530;secdessocial@cataguases.mg.gov.br;secretaria.conselhoscataguases@gmail.com
CATAS ALTAS;311535;3115359;Metropolitana;311535;desenvolvimentosocial@catasaltas.mg.gov.br;cmas.catasaltas@hotmail.com
CATAS ALTAS DA NORUEGA;311540;3115409;Sao Joao del Rei;311540;smas@catasaltasdanoruega.mg.gov.br;cmas@catasaltasdanoruega.mg.gov.br
CATUJI;311545;3115458;Teofilo Otoni;311545;social@catuji.mg.gov.br;catujisocial@yahoo.com.br
CATUTI;311547;3115474;Montes Claros;311547;socialcatuti@yahoo.com.br;conselhocatuti@yahoo.com.br
CAXAMBU;311550;3115508;Varginha;311550;"secpasocial@caxambu.mg.gov.br; desenvolvimentosocialcaxambu@gmail.com;";secpasocial@yahoo.com
CEDRO DO ABAETE;311560;3115607;Divinopolis;311560;alineassistentesocial12@gmail.com;socialcedro@gmail.com
CENTRAL DE MINAS;311570;3115706;Governador Valadares;311570;smascentraldeminas@hotmail.com;uezilelarbacedolem@outlook.com
CENTRALINA;311580;3115805;Ituiutaba;311580;smascentralina@hotmail.com;cmascentra@hotmail.com
CHACARA;311590;3115904;Juiz de Fora;311590;social@chacara.mg.gov.br;social@chacara.mg.gov.br
CHALE;311600;3116001;Governador Valadares;311600;a.social@chale.mg.gov.br;cmaschale@hotmail.com
CHAPADA DO NORTE;311610;3116100;Aracuai;311610;socialchap@yahoo.com.br;SOCIALCHAP@YAHOO.COM.BR
CHAPADA GAUCHA;311615;3116159;Montes Claros;311615;"socialchapadagaucha.mg@gmail.com; valtervereador.saude@hotmail.com";controlesocialsuas@gmail.com
CHIADOR;311620;3116209;Juiz de Fora;311620;"social@chiador.mg.gov.br;samira_bitar@yahoo.com.br;";cmas@chiador.mg.gov.br
CIPOTANEA;311630;3116308;Sao Joao del Rei;311630;crascipotanea@yahoo.com.br;crascipotanea@yahoo.com.br
CLARAVAL;311640;3116407;Passos;311640;"social@claraval.mg.gov.br;smcas.claraval@gmail.com;";"cras@claraval.mg.gov.br;cmasclaraval@gmail.com;"
CLARO DOS POCOES;311650;3116506;Montes Claros;311650;socialclaro@yahoo.com.br;socialclaro@yahoo.com.br
CLAUDIO;311660;3116605;Divinopolis;311660;assistenciasocial@claudio.mg.gov.br;cmas_claudio@yahoo.com.br
COIMBRA;311670;3116704;Muriae;311670;socialcoimbra@gmail.com;"social.coimbra@gmail.com;bolsafamiliacoimbra@gmail.com;"
COLUNA;311680;3116803;Diamantina;311680;departamentoascoluna@yahoo.com.br;cmascoluna@hotmail.com
COMENDADOR GOMES;311690;3116902;Uberaba;311690;crascg20@yahoo.com.br;"cmas@comendadorgomes.mg.gov.br;"
COMERCINHO;311700;3117009;Aracuai;311700;secsocialcomercinho@gmail.com;conselhoassistenciacomercinho@gmail.com
CONCEICAO DA APARECIDA;311710;3117108;Passos;311710;concapasocial@hotmail.com;cmasconcdaapda@hotmail.com
CONCEICAO DA BARRA DE MINAS;311520;3115201;Sao Joao del Rei;311520;adm@cbm.mg.gov.br;cbmgestao@hotmail.com
CONCEICAO DAS ALAGOAS;311730;3117306;Uberaba;311730;pmcasocial@hotmail.com;cmasconcalagoas@hotmail.com
CONCEICAO DAS PEDRAS;311720;3117207;Varginha;311720;"smspedras@yahoo.com.br;cras@conceicaodaspedras.mg.gov.br;";cras@conceicaodaspedras.mg.gov.br
CONCEICAO DE IPANEMA;311740;3117405;Governador Valadares;311740;social.conceicao@gmail.com;social.conceicao@gmail.com
CONCEICAO DO MATO DENTRO;311750;3117504;Diamantina;311750;socialcmd@yahoo.com.br;socialcmd@yahoo.com
CONCEICAO DO PARA;311760;3117603;Divinopolis;311760;acaosocialcp@hotmail.com;conselhocp1@yahoo.com.br
CONCEICAO DO RIO VERDE;311770;3117702;Varginha;311770;assistenciasocialcrv@hotmail.com;cmascrverde@hotmail.com
CONCEICAO DOS OUROS;311780;3117801;Pocos de Caldas;311780;assistenciasocial@conceicaodosouros.mg.gov.br;cmasco@conceicaodosouros.mg.gov.br
CONEGO MARINHO;311783;3117836;Montes Claros;311783;socialconego@yahoo.com.br;dudutupina@yahoo.com.br
CONFINS;311787;3117876;Metropolitana;311787;assistenciasocial@confins.mg.gov.br;cmasconfins@yahoo.com.br
CONGONHAL;311790;3117900;Pocos de Caldas;311790;assistenciasocial@congonhal.mg.gov.br;cmas@congonhal.mg.gov.br
CONGONHAS;311800;3118007;Sao Joao del Rei;311800;sedas@congonhas.mg.gov.br;cmascongonhas@gmail.com
CONGONHAS DO NORTE;311810;3118106;Curvelo;311810;assistenciasocial@congonhasdonorte.mg.gov.br;cmas@congonhasdonorte.mg.gov.br
CONQUISTA;311820;3118205;Uberaba;311820;social@conquista.mg.gov.br;cmasconquista@gmail.com
CONSELHEIRO LAFAIETE;311830;3118304;Sao Joao del Rei;311830;"social@conselheirolafaiete.mg.gov.br;vigilanciasocial@conselheirolafaiete.mg.gov.br;";vigilanciasocialcl@gmail.com
CONSELHEIRO PENA;311840;3118403;Governador Valadares;311840;semasecp@yahoo.com;priscilapereirasocial@gmail.com
CONSOLACAO;311850;3118502;Pocos de Caldas;311850;social@consolacao.mg.gov.br;cmascons2013@gmail.com
CONTAGEM;311860;3118601;Metropolitana;311860;social@contagem.mg.gov.br;cmasc@contagem.mg.gov.br
COQUEIRAL;311870;3118700;Varginha;311870;acsocial@coqueiral.mg.gov.br;cmas@coqueiral.mg.gov.br
CORACAO DE JESUS;311880;3118809;Montes Claros;311880;atsocialcorjesus@yahoo.com.br;assistenciasocial_cmas@yahoo.com.br
CORDISBURGO;311890;3118908;Curvelo;311890;ivonepereira.castro@gmail.com;paulotavio.oliveira@gmail.com
CORDISLANDIA;311900;3119005;Varginha;311900;assistencia.social@yahoo.com;"cmas.cordis@yahoo.com;cmas_cordis_mg@hotmail.com;"
CORINTO;311910;3119104;Curvelo;311910;"acaosocial@corinto.mg.gov.br;heveraldohb@hotmail.com";"cmascorinto@corinto.mg.gov.br;heveraldohb@hotmail.com"
COROACI;311920;3119203;Governador Valadares;311920;"social@coroaci.mg.gov.br ; ssmascoroaci@yahoo.com.br";social@coroaci.mg.gov.br
COROMANDEL;311930;3119302;Patos de Minas;311930;assistenciasocial@coromandel.mg.gov.br;cmas@coromandel.mg.gov.br
CORONEL FABRICIANO;311940;3119401;Timoteo;311940;leticia.godinho@fabriciano.mg.gov.br;cmas@fabriciano.mg.gov.br
CORONEL MURTA;311950;3119500;Aracuai;311950;acaosocialcm@yahoo.com.br;"bolsafamiliacm@yahoo.com.br;neteloyola@yahoo.com.br"
CORONEL PACHECO;311960;3119609;Juiz de Fora;311960;social@coronelpacheco.mg.gov.br;mg_mariagoreti@yahoo.com.br
CORONEL XAVIER CHAVES;311970;3119708;Sao Joao del Rei;311970;social@coronelxavierchaves.mg.gov.br;social@coronelxavierchaves.mg.gov.br
CORREGO DANTA;311980;3119807;Divinopolis;311980;socialcd@hotmail.com;socialcd@hotmail.com
CORREGO DO BOM JESUS;311990;3119906;Pocos de Caldas;311990;"secretariasocialcbj@gmail.com;";"astermcr1990@hotmail.com;caca_cjp@hotmail.com;sheila.anjos@outlook.com;"
CORREGO FUNDO;311995;3119955;Divinopolis;311995;assistenciasocialcfundo@yahoo.com.br;assistenciasocialcfundo@yahoo.com.br
CORREGO NOVO;312000;3120003;Timoteo;312000;social@corregonovo.mg.gov.br;social@corregonovo.mg.gov.br
COUTO DE MAGALHAES DE MINAS;312010;3120102;Diamantina;312010;coutosocial2017@gmail.com;seccouto@yahoo.com.br
CRISOLITA;312015;3120151;Teofilo Otoni;312015;social@crisolita.mg.gov.br;cmcrisolita@gmail.com
CRISTAIS;312020;3120201;Divinopolis;312020;assistenciasocial@cristais.mg.gov.br;cmas@cristais.mg.gov.br
CRISTALIA;312030;3120300;Montes Claros;312030;assistenciasocial@cristalia.mg.gov.br;suelifelixsantos@hotmail.com
CRISTIANO OTONI;312040;3120409;Sao Joao del Rei;312040;das_otoni@yahoo.com.br;"cmascrist.otoni1@yahoo.com.br;das_otoni@yahoo.com.br;"
CRISTINA;312050;3120508;Varginha;312050;pmcbolsafamilia@starweb.com.br;cmascristina@gmail.com
CRUCILANDIA;312060;3120607;Divinopolis;312060;semas@prefeituradecrucilandia.mg.gov.br;secconselhoscruci@gmail.com
CRUZEIRO DA FORTALEZA;312070;3120706;Patos de Minas;312070;smas@cruzeirodafortaleza.mg.gov.br;cmascruzeiro2011@hotmail.com
CRUZILIA;312080;3120805;Varginha;312080;social@cruzilia.mg.gov.br;conselhossocial@cruzilia.mg.gov.br
CUPARAQUE;312083;3120839;Governador Valadares;312083;sascuparaque@yahoo.com.br;sascuparaque@yahoo.com.br
CURRAL DE DENTRO;312087;3120870;Salinas;312087;assistenciacdd@yahoo.com;"assistenciacdd@yahoo.com;cmascdd@yahoo.com;"
CURVELO;312090;3120904;Curvelo;312090;desenvolvimentosocial@curvelo.mg.gov.br;centralconselhos@gmail.com
DATAS;312100;3121001;Diamantina;312100;simjoaopaulo@gmail.com;cida-cras@bol.com.br
DELFIM MOREIRA;312110;3121100;Pocos de Caldas;312110;social@delfimmoreira.mg.gov.br;conselhomas-dm@hotmail.com
DELFINOPOLIS;312120;3121209;Passos;312120;social@delfinopolis.mg.gov.br;cmasdelf@yahoo.com.br
DELTA;312125;3121258;Uberaba;312125;social@delta.mg.gov.br;social@delta.mg.gov.br
DESCOBERTO;312130;3121308;Juiz de Fora;312130;as@descoberto.mg.gov.br;cmasdescoberto@hotmail.com
DESTERRO DE ENTRE RIOS;312140;3121407;Sao Joao del Rei;312140;social@desterrodeentrerios.mg.gov.br;social@desterrodeentrerios.mg.gov.br
DESTERRO DO MELO;312150;3121506;Sao Joao del Rei;312150;social@desterrodomelo.mg.gov.br;cmas@desterrodomelo.mg.gov.br
DIAMANTINA;312160;3121605;Diamantina;312160;diamantinasocial@diamantina.mg.gov.br;"cmasocialdtna@yahoo.com.br;katiacruz_001@hotmail.com;"
DIOGO DE VASCONCELOS;312170;3121704;Timoteo;312170;crasdiogo@gmail.com;"crasdiogo@gmail.com;"
DIONISIO;312180;3121803;Timoteo;312180;social@dionisio.mg.gov.br;social@dionisio.mg.gov.br
DIVINESIA;312190;3121902;Juiz de Fora;312190;cras@divinesia.mg.gov.br;"cmasdivinesia@yahoo.com.br;"
DIVINO;312200;3122009;Muriae;312200;sasdivinomg@gmail.com;sasdivinomg@gmail.com
DIVINO DAS LARANJEIRAS;312210;3122108;Governador Valadares;312210;semasdivino@gmail.com;semasdivino@gmail.com
DIVINOLANDIA DE MINAS;312220;3122207;Governador Valadares;312220;assistenciasocialdivi@yahoo.com.br;assistenciasocialdivi@yahoo.com.br
DIVINOPOLIS;312230;3122306;Divinopolis;312230;desenvolvimentosocial@divinopolis.mg.gov.br;cmasdiv@yahoo.com.br
DIVISA ALEGRE;312235;3122355;Salinas;312235;smasda2017@gmail.com;cmasda2017@gmail.com
DIVISA NOVA;312240;3122405;Pocos de Caldas;312240;socialdivisa@outcenter.com.br;cmasdivisanova@gmail.com
DIVISOPOLIS;312245;3122454;Almenara;312245;smasdv@gmail.com;"cmas_divisopolis@hotmail.com;cmasdivisopolis@hotmail.com;pereira.junior.social@hotmail.com;"
DOM BOSCO;312247;3122470;Paracatu;312247;crasdombosco@yahoo.com.br;cmasdombosco@outlook.com
DOM CAVATI;312250;3122504;Governador Valadares;312250;social@domcavati.mg.gov.br;cmasdomcavati@gmail.com
DOM JOAQUIM;312260;3122603;Diamantina;312260;assistenciasocial@domjoaquim.mg.gov.br;conselhomunicipaldj@gmail.com
DOM SILVERIO;312270;3122702;Timoteo;312270;social@domsilverio.mg.gov.br;social@domsilverio.mg.gov.br
DOM VICOSO;312280;3122801;Varginha;312280;crasdomvicoso@yahoo.com.br;crasdomvicoso@yahoo.com.br
DONA EUZEBIA;312290;3122900;Juiz de Fora;312290;secretariaasde@gmail.com;cmas.donaeuzebia@gmail.com
DORES DE CAMPOS;312300;3123007;Sao Joao del Rei;312300;assistenciasocialdores@yahoo.com.br;nikquete@gmail.com
DORES DE GUANHAES;312310;3123106;Governador Valadares;312310;"smasdoresdeguanhaes@gmail.com;social@doresdeguanhaes.mg.gov.br;";"atcdg@outlook.com.br;"
DORES DO INDAIA;312320;3123205;Divinopolis;312320;assistenciasocial@doresdoindaia.mg.gov.br;conselhosocial@doresdoindaia.mg.gov.br
DORES DO TURVO;312330;3123304;Juiz de Fora;312330;a.social@doresdoturvo.mg.gov.br;cmasdt2017@gmail.com
DORESOPOLIS;312340;3123403;Passos;312340;"dmasdoresopolis@yahoo.com.br;assistenciasocial@doresopolis.mg.gov.br;assistenciasocialdoresopolis@hotmail.com;";cmasdoresopolis@yahoo.com.br
DOURADOQUARA;312350;3123502;Uberlandia;312350;"socialdouradoquara@bol.com.br;";"socialdouradoquara@bol.com.br;"
DURANDE;312352;3123528;Governador Valadares;312352;smasdurande2017@gmail.com;crasdurande2015@outlook.com
ELOI MENDES;312360;3123601;Varginha;312360;social@eloimendes.mg.gov.br;cmaseloimendes@gmail.com
ENGENHEIRO CALDAS;312370;3123700;Governador Valadares;312370;social@engenheirocaldas.mg.gov.br;cmascaldas@hotmail.com
ENGENHEIRO NAVARRO;312380;3123809;Montes Claros;312380;assistenciasocial@engenheironavarro.mg.gov.br;"acaosocial.navarro@yahoo.com.br;"
ENTRE FOLHAS;312385;3123858;Timoteo;312385;socialentrefolhas@gmail.com;cmas.efol@gmail.com
ENTRE RIOS DE MINAS;312390;3123908;Sao Joao del Rei;312390;pmasocial@entreriosdeminas.mg.gov.br;cmaserm@gmail.com
ERVALIA;312400;3124005;Muriae;312400;social@ervalia.mg.gov.br;clauteixeira1@hotmail.com
ESMERALDAS;312410;3124104;Metropolitana;312410;sec.socialesmeraldas@yahoo.com;cmasesmeraldas@yahoo.com.br
ESPERA FELIZ;312420;3124203;Muriae;312420;stas_ef@yahoo.com.br;"cmas_ef@yahoo.com.br;"
ESPINOSA;312430;3124302;Montes Claros;312430;sec.social.espinosa@gmail.com;cmas.espinosa@yahoo.com.br
ESPIRITO SANTO DO DOURADO;312440;3124401;Varginha;312440;crasesd@yahoo.com.br;"cras@espdourado.mg.gov.br;crasesd@yahoo.com.br;praiasocial@yahoo.com.br;noaalvarenga@gmail.com"
ESTIVA;312450;3124500;Pocos de Caldas;312450;acaosocialestiva@hotmail.com;cmasestiva@gmail.com
ESTRELA DALVA;312460;3124609;Muriae;312460;social@estreladalva.mg.gov.br;social@estreladalva.mg.gov.br
ESTRELA DO INDAIA;312470;3124708;Divinopolis;312470;crasestrelaindaia@yahoo.com.br;pmestrelasocial@yahoo.com.br
ESTRELA DO SUL;312480;3124807;Uberlandia;312480;estrelasuasmg@gmail.com;luizabarbio@gmail.com
EUGENOPOLIS;312490;3124906;Muriae;312490;smasocial.pme.mg@hotmail.com;tatianeeslopes@gmail.com
EWBANK DA CAMARA;312500;3125002;Juiz de Fora;312500;nemassistentesocial@hotmail.com;nemassistentesocial@hotmail.com
EXTREMA;312510;3125101;Pocos de Caldas;312510;asocial@extrema.mg.gov.br;"maragomes789@gmail.com;esportes.administracao@extrema.mg.gov.br;"
FAMA;312520;3125200;Varginha;312520;"smasfama@gmail.com;cras.fama@hotmail.com;";cmasfama@gmail.com
FARIA LEMOS;312530;3125309;Muriae;312530;landersmsfarialemos@hotmail.com;farialemoscmas@yahoo.com
FELICIO DOS SANTOS;312540;3125408;Diamantina;312540;socialfelicio@gmail.com;cmasfeliciodossantos@gmail.com
FELISBURGO;312560;3125606;Almenara;312560;socialdefelisburgo@yahoo.com.br;"conselhomassistenciasocial@yahoo.com.br;marcellabotelho3@gmail.com;"
FELIXLANDIA;312570;3125705;Curvelo;312570;assistenciasocialfelix@yahoo.com.br;assistenciasocialfelix@yahoo.com.br
FERNANDES TOURINHO;312580;3125804;Governador Valadares;312580;smasfernandestourinho@hotmail.com;"cmasft@hotmail.com;cmasft@yahoo.com.br;"
FERROS;312590;3125903;Timoteo;312590;"saude@ferros.mg.gov.br;cras@ferros.mg.gov.br;";cmferros@hotmail.com
FERVEDOURO;312595;3125952;Muriae;312595;crasfervedouro@yahoo.com.br;crasfervedouro@yahoo.com.br
FLORESTAL;312600;3126000;Metropolitana;312600;sec.florestalsocial@gmail.com;cmas.florestal@yahoo.com.br
FORMIGA;312610;3126109;Divinopolis;312610;social.formiga@gmail.com;secretariaexecutiva_comas@yahoo.com.br
FORMOSO;312620;3126208;Paracatu;312620;smas.formoso@hotmail.com;cmasformoso@hotmail.com
FORTALEZA DE MINAS;312630;3126307;Passos;312630;craspmfm@yahoo.com.br;cmaspfmfm@yahoo.com.br
FORTUNA DE MINAS;312640;3126406;Metropolitana;312640;sasfortuna@yahoo.com.br;sasfortuna@yahoo.com.br
FRANCISCO BADARO;312650;3126505;Aracuai;312650;social@franciscobadaro.mg.gov.br;"cmas@franciscobadaro.mg.gov.br;"
FRANCISCO DUMONT;312660;3126604;Montes Claros;312660;"assistenciasocialfdumont@gmail.com;eugeniornfd@gmail.com;";"cmasfranciscodumont@gmail.com;cleide1302@hotmail.com;"
FRANCISCO SA;312670;3126703;Montes Claros;312670;jcielsilva@hotmail.com;luiz.c.martins13@gmail.com
FRANCISCOPOLIS;312675;3126752;Teofilo Otoni;312675;"sas2franciscopolis@hotmail.com;Cleide_camargos@hotmail.com;";"conselhofran@hotmail.com;sas2franciscopolis@hotmail.com;"
FREI GASPAR;312680;3126802;Teofilo Otoni;312680;"suas.freigaaspar@gmail.com;suas.freigaspar@gmail.com;";"cmas.freigaspar@gmail.com;"
FREI INOCENCIO;312690;3126901;Governador Valadares;312690;assistenciasocial_freiinocencio@yahoo.com.br;assistenciasocial_freiinocencio@yahoo.com.br
FREI LAGONEGRO;312695;3126950;Diamantina;312695;socialfrei@hotmail.com;cmas.frei@hotmail.com
FRONTEIRA;312700;3127008;Uberaba;312700;acaosocial@fronteira.mg.gov.br;cmas@fronteira.mg.gov.br
FRONTEIRA DOS VALES;312705;3127057;Teofilo Otoni;312705;asfv2017@outlook.com;"cmasfv@outlook.com;ielaraujo@hotmail.com;asfv2017@outlook.com;"
FRUTA DE LEITE;312707;3127073;Salinas;312707;socialsecretaria969@yahoo.com;"cmasfrutadeleite@gmail.com;cmas3986@gmail.com;"
FRUTAL;312710;3127107;Uberaba;312710;ph.divisao@yahoo.com.br;conselhom@frutal.mg.gov.br
FUNILANDIA;312720;3127206;Metropolitana;312720;smasfunilandia@yahoo.com.br;cmasfunilandia@yahoo.com.br
GALILEIA;312730;3127305;Governador Valadares;312730;pmgal.social@yahoo.com.br;pmgal.social@yahoo.com
GAMELEIRAS;312733;3127339;Montes Claros;312733;smasgameleiras@yahoo.com;smasgameleiras@yahoo.com
GLAUCILANDIA;312735;3127354;Montes Claros;312735;acaosocialglaucilandia@yahoo.com.br;"acaosocialglaucilandia@yahoo.com.br;gilvaniacaldeira.social@bol.com.br;"
GOIABEIRA;312737;3127370;Governador Valadares;312737;goiabeirasmas@yahoo.com;cmas_goiabeira@yahoo.com.br
GOIANA;312738;3127388;Juiz de Fora;312738;social@goiana.mg.gov.br;cmas@goiana.mg.gov.br
GONCALVES;312740;3127404;Pocos de Caldas;312740;gestaosocial@goncalves.mg.gov.br;cras@goncalves.mg.gov.br
GONZAGA;312750;3127503;Governador Valadares;312750;"assistenciasocial@gonzaga.mg.gov.br;socialgonzaga@gonzaga.mg.gov.br;";socialgonzaga@outlook.com
GOUVEIA;312760;3127602;Diamantina;312760;assistenciapmg2017@gmail.com;cmasgouveia@yahoo.com
GOVERNADOR VALADARES;312770;3127701;Governador Valadares;312770;smas.harmond.valadares@gmail.com;smas.conselhosgv@hotmail.com
GRAO MOGOL;312780;3127800;Montes Claros;312780;social@graomogol.mg.gov.br;cristianogomessantos@yahoo.com.br
GRUPIARA;312790;3127909;Uberlandia;312790;semas@grupiara.mg.gov.br;semas@grupiara.mg.gov.br
GUANHAES;312800;3128006;Governador Valadares;312800;"social@guanhaes.mg.gov.br;bressane_social@hotmail.com;";cmasguanhaes@gmail.com
GUAPE;312810;3128105;Passos;312810;social@guape.mg.gov.br;social@guape.mg.gov.br
GUARACIABA;312820;3128204;Muriae;312820;social@guaraciaba.mg.gov.br;cmasguaraciaba@yahoo.com.br
GUARACIAMA;312825;3128253;Montes Claros;312825;assistenciasocialguaraciama10@hotmail.com;assistenciasocialguaraciama10@hotmail.com
GUARANESIA;312830;3128303;Pocos de Caldas;312830;a.social@prefguaranesia.mg.gov.br;a.social@prefguaranesia.mg.gov.br
GUARANI;312840;3128402;Juiz de Fora;312840;assistenciasocial@guarani.mg.gov.br;cmasguarani@outlook.com
GUARARA;312850;3128501;Juiz de Fora;312850;social@guarara.mg.gov.br;conselhoassistenciasocial@guarara.mg.gov.br
GUARDA-MOR;312860;3128600;Paracatu;312860;sdsocial@gmail.com;cmasgmor@gmail.com
GUAXUPE;312870;3128709;Pocos de Caldas;312870;secconselhos@guaxupe.mg.gov.br;secconselhos@guaxupe.mg.gov.br
GUIDOVAL;312880;3128808;Muriae;312880;guidovalmg@yahoo.com.br;guidovalmg@yahoo.com.br
GUIMARANIA;312890;3128907;Patos de Minas;312890;smasgadm2017-2020@hotmail.com;"cmasg@guimarania.mg.gov.br;"
GUIRICEMA;312900;3129004;Muriae;312900;assistentesocial@guiricema.mg.gov.br;assistentesocial@guiricema.mg.gov.br
GURINHATA;312910;3129103;Ituiutaba;312910;social@gurinhata.mg.gov.br;social@gurinhata.mg.gov.br
HELIODORA;312920;3129202;Varginha;312920;"secretariasocial17@yahoo.com;ammsocial.viver@gmail.com;";"ammsocial.viver@gmail.com;cmasheliodora@gmail.com;"
IAPU;312930;3129301;Timoteo;312930;bolsafamilia@iapu.mg.gov.br;bolsafamilia@iapu.mg.gov.br
IBERTIOGA;312940;3129400;Sao Joao del Rei;312940;"cultura@ibertioga.mg.gov.br;coordenacao.cras@ibertioga.mg.gov.br;saude@ibertioga.mg.gov.br;";cmas@ibertioga.mg.gov.br
IBIA;312950;3129509;Patos de Minas;312950;assistenciasocial@ibia.mg.gov.br;"conselho.ibia@gmail.com;"
IBIAI;312960;3129608;Montes Claros;312960;"semas.ibiai@gmail.com;";"semas.ibiai@gmail.com;cmasibiai@gmail.com;"
IBIRACATU;312965;3129657;Montes Claros;312965;assistencia.ibirac@bol.com.br;assistencia.ibirac@bol.com.br
IBIRACI;312970;3129707;Passos;312970;"seas@ibiraci.mg.gov.br; diretoracras@ibiraci.mg.gov.br";"nadirlenecosta@hotmail.com;cmas@ibiraci.mg.gov.br;"
IBIRITE;312980;3129806;Metropolitana;312980;semdes@ibirite.mg.gov.br;josyvigilanciasocial@gmail.com
IBITIURA DE MINAS;312990;3129905;Pocos de Caldas;312990;depsocial@ibitiurademinas.mg.gov.br;nadia.oguino@hotmail.com
IBITURUNA;313000;3130002;Sao Joao del Rei;313000;socialsecretaria17@yahoo.com.br;crasibi@yahoo.com.br
ICARAI DE MINAS;313005;3130051;Montes Claros;313005;smasicarai@gmail.com;"smasicarai@gmail.com;"
IGARAPE;313010;3130101;Metropolitana;313010;social@igarape.mg.gov.br;cmas@social.igarape.mg.gov.br
IGARATINGA;313020;3130200;Divinopolis;313020;"assistenciasocial@igaratinga.mg.gov.br;crasigaratinga@gmail.com;";"cmasigaratinga@hotmail.com;"
IGUATAMA;313030;3130309;Divinopolis;313030;social@iguatama.mg.gov.br;"cmas.iguatamamg@gmail.com;"
IJACI;313040;3130408;Sao Joao del Rei;313040;ijacisocial@hotmail.com;social@ijaci.mg.gov.br
ILICINEA;313050;3130507;Passos;313050;sasilicineamg@yahoo.com.br;sasilicineamg@yahoo.com.br
IMBE DE MINAS;313055;3130556;Timoteo;313055;assistenciaimbe@yahoo.com.br;cmas.imbe@yahoo.com.br
INCONFIDENTES;313060;3130606;Pocos de Caldas;313060;asocial@inconfidentes.mg.gov.br;cmasinconf@gmail.com
INDAIABIRA;313065;3130655;Salinas;313065;smasindaiabira@yahoo.com.br;smasindaiabira@yahoo.com.br
INDIANOPOLIS;313070;3130705;Uberlandia;313070;smas2017@yahoo.com;smas2017@yahoo.com
INGAI;313080;3130804;Sao Joao del Rei;313080;secmasingai@gmail.com;cmasingai@gmail.com
INHAPIM;313090;3130903;Governador Valadares;313090;assistenciasocialinhapim@gmail.com;cmasinhapim@gmail.com
INHAUMA;313100;3131000;Metropolitana;313100;diretoria.social@inhauma.mg.gov.br;cmasinhauma@gmail.com
INIMUTABA;313110;3131109;Curvelo;313110;dmastinimutaba@gmail.com;cmas.inimutaba@hotmail.com
IPABA;313115;3131158;Timoteo;313115;smasipaba@hotmail.com;cmas_ipaba@hotmail.com
IPANEMA;313120;3131208;Governador Valadares;313120;secretariasocial@ipanema.mg.gov.br;secconselhos@ipanema.mg.gov.br
IPATINGA;313130;3131307;Timoteo;313130;assistenciasocial@ipatinga.mg.gov.br;cmasipatinga@gmail.com
IPIACU;313140;3131406;Ituiutaba;313140; social@ipiacu.mg.gov.br;cmasipiacu@gmail.com
IPUIUNA;313150;3131505;Pocos de Caldas;313150;departamentoa.social@gmail.com;cmas.ipuiuna@gmail.com
IRAI DE MINAS;313160;3131604;Uberlandia;313160;gestorasocial@iraideminas.mg.gov.br;cmas@iraideminas.mg.gov.br
ITABIRA;313170;3131703;Timoteo;313170;smasitabira@gmail.com;cmasitabira@gmail.com
ITABIRINHA;313180;3131802;Governador Valadares;313180;social@itabirinha.mg.gov.br;social@itabirinha.mg.gov.br
ITABIRITO;313190;3131901;Metropolitana;313190;jussara.vieira@pmi.mg.gov.br;cmas@pmi.mg.gov.br
ITACAMBIRA;313200;3132008;Montes Claros;313200;socialitacambira@yahoo.com.br;cmasitacambira@yahoo.com.br
ITACARAMBI;313210;3132107;Montes Claros;313210;acaosocialita@yahoo.com.br;acaosocialita@yahoo.com.br
ITAGUARA;313220;3132206;Metropolitana;313220;social@itaguara.mg.gov.br;"cmas@itaguara.mg.gov.br;social@itaguara.mg.gov.br;conselhosmunicipaisitaguara@gmail.com;"
ITAIPE;313230;3132305;Teofilo Otoni;313230;mary-annitaipe@hotmail.com;cmas@itaipe.mg.gov.br
ITAJUBA;313240;3132404;Pocos de Caldas;313240;semas@itajuba.mg.gov.br;cmas@itajuba.mg.gov.br
ITAMARANDIBA;313250;3132503;Diamantina;313250;smas_ita@yahoo.com.br;secconselhos@yahoo.com.br
ITAMARATI DE MINAS;313260;3132602;Muriae;313260;acaosocial@itamaratideminas.mg.gov.br;acaosocial@itamaratideminas.mg.gov.br
ITAMBACURI;313270;3132701;Teofilo Otoni;313270;assistenciasocial2017@outlook.com;cmasity2017@outlook.com
ITAMBE DO MATO DENTRO;313280;3132800;Timoteo;313280;acaosocial@itambedomatodentro.mg.gov.br;administracao@itambedomatodentro.mg.gov.br
ITAMOGI;313290;3132909;Passos;313290;assistenciasocial@itamogi.mg.gov.br;crasitamogi@gmail.com
ITAMONTE;313300;3133006;Varginha;313300;smds@itamonte.mg.gov.br;cmas@itamonte.mg.gov.br
ITANHANDU;313310;3133105;Varginha;313310;social@itanhandu.mg.gov.br;secconselhositanhandu@gmail.com
ITANHOMI;313320;3133204;Governador Valadares;313320;assistenciasocialdeitanhomi@hotmail.com;cmasita@hotmail.com
ITAOBIM;313330;3133303;Aracuai;313330;"social@itaobim.mg.gov.br;";cmas@itaobim.mg.gov.br
ITAPAGIPE;313340;3133402;Uberaba;313340;pmacaosocial@itapagipe.mg.gov.br;"cmas.itapagipe@hotmail.com;"
ITAPECERICA;313350;3133501;Divinopolis;313350;socia@itapecerica.mg.gov.br;social@itapecerica.mg.gov.br
ITAPEVA;313360;3133600;Pocos de Caldas;313360;dmgoverno@itapeva.mg.gov.br;dmgoverno@itapeva.mg.gov.br
ITATIAIUCU;313370;3133709;Metropolitana;313370;assistenciasocial@itatiaiucu.mg.gov.br;assistenciasocial@itatiaiucu.mg.gov.br
ITAU DE MINAS;313375;3133758;Passos;313375;sds@itaudeminas.mg.gov.br;cmas@itaudeminas.mg.gov.br
ITAUNA;313380;3133808;Divinopolis;313380;"assistenciasocial@itauna.mg.gov.br;assistenciasoccial@itauna.mg.gov.br;";itaunacmas@gmail.com
ITAVERAVA;313390;3133907;Sao Joao del Rei;313390;assistenciasocial@itaverava.mg.gov.br;"assistenciasocial@itaverava.mg.gov.br;"
ITINGA;313400;3134004;Aracuai;313400;social@itinga.mg.gov.br;"social@itinga.mg.gov.br;diolintocantor@hotmail.com;"
ITUETA;313410;3134103;Governador Valadares;313410;assistenciasocial@itueta.mg.gov.br;"cras@itueta.mg.gov.br;assistenciasocial@itueta.mg.gov.br"
ITUIUTABA;313420;3134202;Ituiutaba;313420;sedsituiutaba@gmail.com;cmasitbamg@gmail.com
ITUMIRIM;313430;3134301;Sao Joao del Rei;313430;assistenciasocial@itumirim.mg.gov.br;"cmas@itumirim.mg.gov.br;alvarovieira87@hotmail.com;assistenciasocial@itumirim.mg.gov.br;floragoursand@hotmail.com;"
ITURAMA;313440;3134400;Ituiutaba;313440;sec.des.social@iturama.mg.gov.br;cmas@iturama.mg.gov.br
ITUTINGA;313450;3134509;Sao Joao del Rei;313450;"sedes@itutinga.mg.gov.br;";cmasitutinga@outlook.com
JABOTICATUBAS;313460;3134608;Metropolitana;313460;assistenciasocial@jaboticatubas.mg.gov.br;cmas@jaboticatubas.mg.gov.br
JACINTO;313470;3134707;Almenara;313470;assistsocial.jacinto@yahoo.com.br;"assistsocial.jacinto@yahoo.com.br;isilvapinheiro2017@bol.com.br;iarasilvapinheiro47@gmail.com;"
JACUI;313480;3134806;Passos;313480;social@jacui.mg.gov.br;cmasjacui@yahoo.com
JACUTINGA;313490;3134905;Pocos de Caldas;313490;suasjacutinga@gmail.com;suas@jacutinga.mg.gov.br
JAGUARACU;313500;3135001;Timoteo;313500;acsocial@jaguaracu.mg.gov.br;cmas@jaguaracu.mg.gov.br
JAIBA;313505;3135050;Montes Claros;313505;assistenciasocial@jaiba.mg.gov.br;cmas@jaiba.mg.gov.br
JAMPRUCA;313507;3135076;Governador Valadares;313507;jamp.suas@gmail.com;cmas.jamp@gmail.com
JANAUBA;313510;3135100;Montes Claros;313510;"rosana.b.rocha@hotmail.com;leandrocngavioli@gmail.com;";"cmas@janauba.mg.gov.br;valtermf@bol.com.br;"
JANUARIA;313520;3135209;Montes Claros;313520;smdsjanuaria@gmail.com;cmasjanuaria@gmail.com
JAPARAIBA;313530;3135308;Divinopolis;313530;marinagabriela@japaraiba.mg.gov.br;cmas25@hotmail.com
JAPONVAR;313535;3135357;Montes Claros;313535;sdeassistenciasocial@yahoo.com.br;cmasjaponvar@hotmail.com
JECEABA;313540;3135407;Sao Joao del Rei;313540;smas@jeceaba.mg.gov.br;cmas@jeceaba.mg.gov.br
JENIPAPO DE MINAS;313545;3135456;Aracuai;313545;pmjenipasocial@yahoo.com.br;cmasjenipa@gmail.com
JEQUERI;313550;3135506;Timoteo;313550;smasjequeri@hotmail.com;rei-marcos10@hotmail.com
JEQUITAI;313560;3135605;Montes Claros;313560;semaasjequitai@hotmail.com;"cmasjequitai@hotmail.com;"
JEQUITIBA;313570;3135704;Curvelo;313570;assistenciasocial@jequitiba.mg.gov.br;cmas@jequitiba.mg.gov.br
JEQUITINHONHA;313580;3135803;Almenara;313580;social@jequitinhonha.mg.gov.br;cmasjequitinhonha@yahoo.com.br
JESUANIA;313590;3135902;Varginha;313590;crasjesuania@yahoo.com.br;crasjesuania@yahoo.com.br
JOAIMA;313600;3136009;Almenara;313600;joaimasas@gmail.com;joaimasas@gmail.com
JOANESIA;313610;3136108;Timoteo;313610;secretariasocialjoanesia@gmail.com;cmasjoanesia@gmail.com
JOAO MONLEVADE;313620;3136207;Timoteo;313620;social@pmjm.mg.gov.br;comasjm.95@gmail.com
JOAO PINHEIRO;313630;3136306;Paracatu;313630;acaosocialjp@outlook.com;cmasjoaopinheiro@gmail.com
JOAQUIM FELICIO;313640;3136405;Curvelo;313640;smdsjf2017@gmail.com;"cmasjf2017@gmail.com;cmasjf@gmail.com;"
JORDANIA;313650;3136504;Almenara;313650;sasjordania@yahoo.com.br;"iasmini.soares@hotmail.com;cmasdejordania@yahoo.com.br;"
JOSE GONCALVES DE MINAS;313652;3136520;Aracuai;313652;socialjgm@gmail.com;cmasjgm@gmail.com
JOSE RAYDAN;313655;3136553;Governador Valadares;313655;sas_jr2009@yahoo.com.br;sas_jr2009@yahoo.com.br
JOSENOPOLIS;313657;3136579;Salinas;313657;smasjosenopolis@hotmail.com;"cmasjosenopolis@gmail.com;smasjosenopolis@hotmail.com;"
JUATUBA;313665;3136652;Metropolitana;313665;assistencia@juatuba.mg.gov.br;"cmas.juatuba@yahoo.com.br; smas13@juatuba.mg.gov.br;"
JUIZ DE FORA;313670;3136702;Juiz de Fora;313670;"sds@pjf.mg.gov.br;tammy@pjf.mg.gov.br;";"cmasjf@pjf.mg.gov.br;"
JURAMENTO;313680;3136801;Montes Claros;313680;socialjuramento@bol.com.br;cmasjuramento@yahoo.com.br
JURUAIA;313690;3136900;Pocos de Caldas;313690;social@juruaia.mg.gov.br;iaradeaguiar@yahoo.com.br
JUVENILIA;313695;3136959;Montes Claros;313695;acaosocial@juvenilia.mg.gov.br;saladosconselhosjuv@gmail.com
LADAINHA;313700;3137007;Teofilo Otoni;313700;socialladainha@hotmail.com;cmasladainha@hotmail.com
LAGAMAR;313710;3137106;Patos de Minas;313710;asocial@lagamar.mg.gov.br;cmas@lagamar.mg.gov.br
LAGOA DA PRATA;313720;3137205;Divinopolis;313720;smas@lagoadaprata.mg.gov.br;conselhosmunicipaislp@gmail.com
LAGOA DOS PATOS;313730;3137304;Montes Claros;313730;assistencialagoa@yahoo.com.br;assistencialagoa@yahoo.com.br
LAGOA DOURADA;313740;3137403;Sao Joao del Rei;313740;assistenciasocial@lagoadourada.mg.gov.br;cmaslagoadourada@gmail.com
LAGOA FORMOSA;313750;3137502;Patos de Minas;313750;servico.social@netsite.com.br;cmaslf@yahoo.com.br
LAGOA GRANDE;313753;3137536;Patos de Minas;313753;acaosocial@lagoagrande.mg.gov.br;"lumacfranco1@gmail.com;"
LAGOA SANTA;313760;3137601;Metropolitana;313760;desenvsocial@lagoasanta.mg.gov.br;cmasdelagoasanta@gmail.com
LAJINHA;313770;3137700;Governador Valadares;313770;"smas@lajinha.mg.gov.br ; ROBERTADEAGUIAR@OUTLOOK.COM";cmas.lajinha@gmail.com
LAMBARI;313780;3137809;Varginha;313780;assistenciasocial@lambari.mg.gov.br;assistenciasocial@lambari.mg.gov.br
LAMIM;313790;3137908;Sao Joao del Rei;313790;assistenciasocial@lamim.mg.gov.br;assistenciasocial@lamim.mg.gov.br
LARANJAL;313800;3138005;Muriae;313800;laranjalsocial@gmail.com;cmasla25@gmail.com
LASSANCE;313810;3138104;Curvelo;313810;smaslassance@gmail.com;"conselhos.lassance@yahoo.com.br;"
LAVRAS;313820;3138203;Varginha;313820;asljunior@lavras.mg.gov.br;caastellari@gmail.com
LEANDRO FERREIRA;313830;3138302;Divinopolis;313830;"semusa@leandroferreira.mg.gov.br;semusalf@leandroferreira.mg.gov.br;";"cras@leandroferreira.mg.gov.br;cmas@leandroferreira.mg.gov.br;"
LEME DO PRADO;313835;3138351;Aracuai;313835;social@lemedoprado.mg.gov.br;conselhosocialleme@hotmail.com
LEOPOLDINA;313840;3138401;Muriae;313840;secsocial.leopoldina@yahoo.com.br;conselhoassistencialeopoldina@yahoo.com.br
LIBERDADE;313850;3138500;Juiz de Fora;313850;crasliberdademg@gmail.com;cmasliberdade@hotmail.com
LIMA DUARTE;313860;3138609;Juiz de Fora;313860;socialld@yahoo.com.br;"socialld@yahoo.com.br;"
LIMEIRA DO OESTE;313862;3138625;Ituiutaba;313862;promocaosocial@limeiradooeste.mg.gov.br;promocaosocial@limeiradoeste.mg.gov.br
LONTRA;313865;3138658;Montes Claros;313865;assistenciasocial@lontra.mg.gov.br;assistenciasocial@brasiliademinas.mg.gov.br
LUISBURGO;313867;3138674;Muriae;313867;assistenciasocial@luisburgo.mg.gov.br;assistenciasocial@luisburgo.mg.gov.br
LUISLANDIA;313868;3138682;Montes Claros;313868;"smas.secretaria2017@gmail.com;social@luislandia.mg.gov.br;";"smas.secretaria2017@gmail.com;cmas@luislandia.mg.gov.br;social@luislandia.mg.gov.br;"
LUMINARIAS;313870;3138708;Varginha;313870;"assistenciasociallms@gmail.com;acaosocial@luminarias.mg.gov.br;";cmasluminarias@gmail.com
LUZ;313880;3138807;Divinopolis;313880;social@luz.mg.gov.br;luzcmas@yahoo.com.br
MACHACALIS;313890;3138906;Teofilo Otoni;313890;secassistenciasocialmachacalis@gmail.com;secassistenciasocialmachacalis@gmail.com
MACHADO;313900;3139003;Varginha;313900;acaosocialmachado@hotmail.com;cmasmachadomg@hotmail.com
MADRE DE DEUS DE MINAS;313910;3139102;Sao Joao del Rei;313910;asocialmadredeus@yahoo.com.br;cmasmdm@yahoo.com.br
MALACACHETA;313920;3139201;Teofilo Otoni;313920;malacasocial43@yahoo.com.br;cmasgestao2017@gmail.com
MAMONAS;313925;3139250;Montes Claros;313925;secretariamamonas@hotmail.com;secretariamamonas@hotmail.com
MANGA;313930;3139300;Montes Claros;313930;acaosocial.manga@gmail.com;cmas.manga@yahoo.com.br
MANHUACU;313940;3139409;Muriae;313940;secmasocial@yahoo.com.br;sexecutiva@yahoo.com.br
MANHUMIRIM;313950;3139508;Muriae;313950;manhumirimsocial@yahoo.com.br;manhumirimsocial@yahoo.com.br
MANTENA;313960;3139607;Governador Valadares;313960;smasmantena@gmail.com;smasmantena@gmail.com
MAR DE ESPANHA;313980;3139805;Juiz de Fora;313980;assistenciasocial@mardeespanha.mg.gov.br;assistenciasocial@mardeespanha.mg.gov.br
MARAVILHAS;313970;3139706;Divinopolis;313970;semas@maravilhas.mg.gov.br;semas@maravilhas.mg.gov.br
MARIA DA FE;313990;3139904;Varginha;313990;socialadm@mariadafe.mg.gov.br;social@mariadafe.mg.gov.br
MARIANA;314000;3140001;Metropolitana;314000;smdsc@mariana.mg.gov.br;secretariaexecutiva.conselhos@yahoo.com.br
MARILAC;314010;3140100;Governador Valadares;314010;cras-marilac@hotmail.com;"conselhomarilac@hotmail.com; rosesilva99@outlook.com"
MARIO CAMPOS;314015;3140159;Metropolitana;314015;desenvolvimentosocial@mariocampos.mg.gov.br;cmas@mariocampos.mg.gov.br
MARIPA DE MINAS;314020;3140209;Juiz de Fora;314020;social@maripademinas.mg.gov.br;social@maripademinas.mg.gov.br
MARLIERIA;314030;3140308;Timoteo;314030;smasmarlieria@gmail.com;cmasocialmarlieria@gmail.com
MARMELOPOLIS;314040;3140407;Pocos de Caldas;314040;asocial@marmelopolis.mg.gov.br;asocial@marmelopolis.mg.gov.br
MARTINHO CAMPOS;314050;3140506;Divinopolis;314050;socialmcampos@gmail.com;cmas.martinhocampos@gmail.com
MARTINS SOARES;314053;3140530;Muriae;314053;social@martinssoares.mg.gov.br;cmasmartinssoares@gmail.com
MATA VERDE;314055;3140555;Almenara;314055;socialmv2017@hotmail.com;socialmv2017@hotmail.com
MATERLANDIA;314060;3140605;Diamantina;314060;"social@pmmaterlandia.mg.gov.br;socialmaterlandia@yahoo.com.br;";"socialmaterlandia@yahoo.com.br;cmasmater@yahoo.com;"
MATEUS LEME;314070;3140704;Metropolitana;314070;"acaosocial@mateusleme.mg.gov.br;rm2palhares@yahoo.com.br;";cmas.mateusleme@yahoo.com.br
MATHIAS LOBATO;317150;3171501;Governador Valadares;317150;secretariaservicosocial@hotmail.com;secretariaservicosocial@hotmail.com
MATIAS BARBOSA;314080;3140803;Juiz de Fora;314080;asocial@matiasbarbosa.mg.gov.br;cmas@matiasbarbosa.mg.gov.br
MATIAS CARDOSO;314085;3140852;Montes Claros;314085;sashmatias@bol.com.br;cmasmatiasmg@bol.com.br
MATIPO;314090;3140902;Muriae;314090;assistenciasocial@matipo.mg.gov.br;assistenciasocial@matipo.mg.gov.br
MATO VERDE;314100;3141009;Montes Claros;314100;social@matoverde.mg.gov.br;"cmas.mav@yahoo.com;cmasmav@yahoo.com"
MATOZINHOS;314110;3141108;Metropolitana;314110;smds@matozinhos.mg.gov.br;cmasmatozinhos@yahoo.com.br
MATUTINA;314120;3141207;Patos de Minas;314120;secretariassocial@hotmail.com;cemas.matutina@hotmail.com
MEDEIROS;314130;3141306;Divinopolis;314130;social@medeiros.mg.gov.br;social@medeiros.mg.gov.br
MEDINA;314140;3141405;Aracuai;314140;cadunicomedina@yahoo.com.br;"cadunicomedina@yahoo.com.br;lumatias.10@hotmail.com"
MENDES PIMENTEL;314150;3141504;Governador Valadares;314150;assistenciasocial@hotmail.com;assistenciasocial@mendespimentel.mg.gov.br
MERCES;314160;3141603;Juiz de Fora;314160;desenvolvimentosocial@merces.mg.gov.br;conselhoassistenciasocial@merces.mg.gov.br
MESQUITA;314170;3141702;Timoteo;314170;assistenciasocial@mesquita.mg.gov.br;cmas@mesquita.mg.gov.br
MINAS NOVAS;314180;3141801;Aracuai;314180;socpmmn@hotmail.com;cmasmn@hotmail.com
MINDURI;314190;3141900;Sao Joao del Rei;314190;asminduri@yahoo.com.br;asminduri@yahoo.com.br
MIRABELA;314200;3142007;Montes Claros;314200;gerenciaassistenciasocial@gmail.com;gerenciaassistenciasocial@gmail.com
MIRADOURO;314210;3142106;Muriae;314210;assistenciasocial@miradouro.mg.gov.br;cmas@miradouro.mg.gov.br
MIRAI;314220;3142205;Muriae;314220;smasmirai@interminas.com.br;cmasmirai@outlook.com
MIRAVANIA;314225;3142254;Montes Claros;314225;socialmiravania@yahoo.com.br;socialmiravania@yahoo.com.br
MOEDA;314230;3142304;Metropolitana;314230;smps@moeda.mg.gov.br;conselhoassistenciasocial7@gmail.com
MOEMA;314240;3142403;Divinopolis;314240;sociallcras@gmail.com;miriamamps@yahoo.com.br
MONJOLOS;314250;3142502;Curvelo;314250;smasmonjolos@gmail.com;cmas.monjolos.mg@gmail.com
MONSENHOR PAULO;314260;3142601;Varginha;314260;asocial@monsenhorpaulo.mg.gov.br;"asocial@monsenhorpaulo.mg.gov.br; talitta.paulino@hotmail.com;"
MONTALVANIA;314270;3142700;Montes Claros;314270;acaosocialmtv@gmail.com;acaosocialmtv@gmail.com
MONTE ALEGRE DE MINAS;314280;3142809;Uberlandia;314280;montesocial@hotmail.com;"cmasmam@hotmail.com;montesocial@hotmail.com;"
MONTE AZUL;314290;3142908;Montes Claros;314290;smasmonteazul@hotmail.com;cmasmonteazul@hotmail.com
MONTE BELO;314300;3143005;Pocos de Caldas;314300;social@montebelo.mg.gov.br;"social@montebelo.mg.gov.br;cras@montebelo.mg.gov.br;"
MONTE CARMELO;314310;3143104;Uberlandia;314310;social@montecarmelo.mg.gov.br;"cmasmontecarmelomg@bol.com.br;wander.socialmontecarmelomg@yahoo.com.br;social@montecarmelo.mg.gov.br"
MONTE FORMOSO;314315;3143153;Almenara;314315;assistenciasocial.pmmf@gmail.com;assistenciasocial.pmmf@gmail.com
MONTE SANTO DE MINAS;314320;3143203;Passos;314320;depsocial@montesantodeminas.mg.gov.br;cmasmontesantodeminas@gmail.com
MONTE SIAO;314340;3143401;Pocos de Caldas;314340;bolsafamilia@montesiao.mg.gov.br;cmas@montesiao.mg.gov.br
MONTES CLAROS;314330;3143302;Montes Claros;314330;gestaosuas@montesclaros.mg.gov.br;cmasmoc@yahoo.com.br
MONTEZUMA;314345;3143450;Salinas;314345;smasmtz@gmail.com;smasmtz@gmail.com
MORADA NOVA DE MINAS;314350;3143500;Divinopolis;314350;socialmoradanovamg@yahoo.com.br;cmasnovamg@yahoo.com
MORRO DA GARCA;314360;3143609;Curvelo;314360;desenvolvimentosocial@morrodagarca.mg.gov.br;morrodagarcacmas@yahoo.com.br
MORRO DO PILAR;314370;3143708;Metropolitana;314370;dasdoresddias@hotmail.com;sec.social@morrodopilar.mg.gov.br
MUNHOZ;314380;3143807;Pocos de Caldas;314380;social@munhoz.mg.gov.br;social@munhoz.mg.gov.br 
MURIAE;314390;3143906;Muriae;314390;dsocial@muriae.mg.gov.br  ;"cmas@muriae.mg.gov.br; julia_ferreira_@hotmail.com"
MUTUM;314400;3144003;Governador Valadares;314400;acaosocialmutum@hotmail.com;cmmutum@hotmail.com
MUZAMBINHO;314410;3144102;Pocos de Caldas;314410;"semasmuz@yahoo.com.br;assistencia.social@muzambinho.mg.gov.br;";semasmuz@yahoo.com.br
NACIP RAYDAN;314420;3144201;Governador Valadares;314420;socialnacip@yahoo.com.br;cmas.nacip@yahoo.com.br
NANUQUE;314430;3144300;Teofilo Otoni;314430;smasnanuque@gmail.com;"cmasnanuque@yahoo.com.br; carlosdrumer@hotmail.com;cmasnanuque@yahoo.com;"
NAQUE;314435;3144359;Timoteo;314435;smas@naque.mg.gov.br;smas@naque.mg.gov.br
NATALANDIA;314437;3144375;Paracatu;314437;cras.acaosocial.natalandia@gmail.com;cmas.natalandia@natalandia.mg.gov.br
NATERCIA;314440;3144409;Varginha;314440;smasnatercia@yahoo.com.br;cmasnatercia@yahoo.com.br
NAZARENO;314450;3144508;Sao Joao del Rei;314450;social@nazareno.mg.gov.br;SOCIAL@NAZARENO.MG.GOV.BR
NEPOMUCENO;314460;3144607;Varginha;314460;assistenciasocial@nepomuceno.mg.gov.br;conselhoassistencianepomuceno@hotmail.com
NINHEIRA;314465;3144656;Salinas;314465;acaosocialninheira@yahoo.com.br;"cmas_ninheira@yahoo.com.br;acaosocialninheira@yahoo.com.br"
NOVA BELEM;314467;3144672;Governador Valadares;314467;asnovabelem@hotmail.com;cmasnovabelem@hotmail.com
NOVA ERA;314470;3144706;Timoteo;314470;social@novaera.mg.gov.br;social@novaera.mg.gov.br
NOVA LIMA;314480;3144805;Metropolitana;314480;"vigilanciasocioassistencial.semds@pnl.mg.gov.br;semds@pnl.mg.gov.br;";conselhonl@yahoo.com.br
NOVA MODICA;314490;3144904;Governador Valadares;314490;social@novamodica.mg.gov.br ;cmas.novamodica@bol.com.br
NOVA PONTE;314500;3145000;Uberlandia;314500;social@novaponte.mg.gov.br;social@novaponte.mg.gov.br
NOVA PORTEIRINHA;314505;3145059;Montes Claros;314505;"smasnovaporteirinha@yahoo.com.br; andreiamariabahia@gmail.com";smasnovaporteirinha@yahoo.com.br
NOVA RESENDE;314510;3145109;Passos;314510;departsocial@resendenet.com.br;"cmasnovaresende@hotmail.com; carlalays@hotmail.com"
NOVA SERRANA;314520;3145208;Divinopolis;314520;social@novaserrana.mg.gov.br;"cmas2013@yahoo.com.br; cidaanunes@yahoo.com.br"
NOVA UNIAO;313660;3136603;Metropolitana;313660;assistenciasocial@novauniao.mg.gov.br;"cmasnovauniaomg@hotmail.com;cmasnovauniaomg@yahoo.com.br;assistenciasocial@novauniao.mg.gov.br;"
NOVO CRUZEIRO;314530;3145307;Teofilo Otoni;314530;desenvolvimentosocialncmg@gmail.com;cmasnc17@gmail.com
NOVO ORIENTE DE MINAS;314535;3145356;Teofilo Otoni;314535;smasnominas@yahoo.com.br;"smasnominas@yahoo.com.br;maria.helenamedeiros@hotmail.com"
NOVORIZONTE;314537;3145372;Salinas;314537;social@novorizonte.mg.gov.br;cmas@novorizonte.mg.gov.br
OLARIA;314540;3145406;Juiz de Fora;314540;social@olaria.mg.gov.br;conselhoolaria123@yahoo.com.br
OLHOS D'AGUA;314545;3145455;Montes Claros;314545;secassistenciasocial_olhos@yahoo.com.br;cmasolhos@yahoo.com.br
OLIMPIO NORONHA;314550;3145505;Varginha;314550;crasolimpio@yahoo.com.br;cmasolimpio@yahoo.com.br
OLIVEIRA;314560;3145604;Divinopolis;314560;social@oliveira.mg.gov.br;"cmas@oliveira.mg.gov.br;beneficios@oliveira.mg.gov.br;"
OLIVEIRA FORTES;314570;3145703;Juiz de Fora;314570;socialfortes@hotmail.com;"fortesdmas@hotmail.com;socialfortes@hotmail.com"
ONCA DE PITANGUI;314580;3145802;Divinopolis;314580;social@oncadopitangui.mg.gov.br;cmas@oncadopitangui.mg.gov.br
ORATORIOS;314585;3145851;Muriae;314585;"semasoratorios2013-2016@hotmail.com; madalenadelgadocaetano@gmail.com;";"cmasoratorios@hotmail.com;"
ORIZANIA;314587;3145877;Muriae;314587;social@orizania.mg.gov.br;cmasorizania@yahoo.com.br
OURO BRANCO;314590;3145901;Sao Joao del Rei;314590;promocaosocial@ourobranco.mg.gov.br;cmasobmg@gmail.com
OURO FINO;314600;3146008;Pocos de Caldas;314600;social@ourofino.mg.gov.br;cmas@ourofino.mg.gov.br
OURO PRETO;314610;3146107;Metropolitana;314610;assistenciasocial@ouropreto.mg.gov.br;cmas.ouropreto@gmail.com
OURO VERDE DE MINAS;314620;3146206;Teofilo Otoni;314620;acaosocialov@hotmail.com;cmasouroverdemg@hotmail.com
PADRE CARVALHO;314625;3146255;Salinas;314625;smaspadrecarvalho@hotmail.com;sandraceliareis@yahoo.com.br
PADRE PARAISO;314630;3146305;Teofilo Otoni;314630;"social@padreparaiso.mg.gov.br;adm.social@padreparaiso.mg.gov.br;";cmdspp@hotmail.com
PAI PEDRO;314655;3146552;Montes Claros;314655;smaspaipedro.mg@gmail.com;cmas.paipedro@gmail.com
PAINEIRAS;314640;3146404;Divinopolis;314640;familianovorumo2009@yahoo.com.br;familianovorumo2009@yahoo.com.br
PAINS;314650;3146503;Divinopolis;314650;"social@pains.mg.gov.br;";cmaspains@hotmail.com
PAIVA;314660;3146602;Juiz de Fora;314660;craspaiva2017@hotmail.com;craspaiva2017@hotmail.com
PALMA;314670;3146701;Muriae;314670;assistenciasocial@palma.mg.gov.br;smaspalma@hotmail.com
PALMOPOLIS;314675;3146750;Almenara;314675;secsocialpalmopolis@gmail.com;cmaspalmopolismg@hotmail.com
PAPAGAIOS;314690;3146909;Divinopolis;314690;semas@papagaios.mg.gov.br;semas@papagaios.mg.gov.br
PARA DE MINAS;314710;3147105;Metropolitana;314710;"acadministrativo@parademinas.mg.gov.br;wilsonsantos@parademinas.mg.gov.br;vigilanciasocioassistencial@parademinas.mg.gov.br;";casadosconselhos@parademinas.mg.gov.br
PARACATU;314700;3147006;Paracatu;314700;acaosocial@paracatu.mg.gov.br;conselhosparacatu@gmail.com
PARAGUACU;314720;3147204;Varginha;314720;smas.paraguacu@yahoo.com.br;"lportcastilho@hotmail.com;crascolina@yahoo.com.br;cmasparaguacu@yahoo.com.br"
PARAISOPOLIS;314730;3147303;Pocos de Caldas;314730;pmpsocial@gmail.com;cmasparaisopolis@gmail.com
PARAOPEBA;314740;3147402;Curvelo;314740;social@paraopeba.mg.gov.br;cmasparaopeba@yahoo.com.br
PASSA QUATRO;314760;3147600;Varginha;314760;assistenciasocialp4@yahoo.com.br;cmasp4@yahoo.com.br
PASSA TEMPO;314770;3147709;Divinopolis;314770;assistsocialpt@yahoo.com.br;cmasptempo@yahoo.com.br
PASSA VINTE;314780;3147808;Juiz de Fora;314780;crasp20@gmail.com;cmas.passavinte@gmail.com
PASSABEM;314750;3147501;Timoteo;314750;social@passabem.mg.gov.br;"cmaspassabem@gmail.com;"
PASSOS;314790;3147907;Passos;314790;"semas@passos.mg.gov.br;vigilanciaemonitoramento@passos.mg.gov.br;";cmas@passos.mg.gov.br
PATIS;314795;3147956;Montes Claros;314795;assistenciasocial@patis.mg.gov.br;conselhoassistencia13@yahoo.com.br
PATOS DE MINAS;314800;3148004;Patos de Minas;314800;acao_social@patosdeminas.mg.gov.br;conselhosmds@patosdeminas.mg.gov.br
PATROCINIO;314810;3148103;Patos de Minas;314810;acaosocial@patrocinio.mg.gov.br;conselhosds@patrocinio.mg.gov.br
PATROCINIO DO MURIAE;314820;3148202;Muriae;314820;social@patrociniodomuriae.mg.gov.br;conselhodeassistenciamunicipal@gmail.com
PAULA CANDIDO;314830;3148301;Muriae;314830;assistenciaspcandido@yahoo.com.br;assistenciaspcandido@yahoo.com.br
PAULISTAS;314840;3148400;Governador Valadares;314840;smaspaulistas@yahoo.com.br;cmaspaulistas@yahoo.com.br
PAVAO;314850;3148509;Teofilo Otoni;314850;smaspavao@gmail.com;cmaspavao@gmail.com
PECANHA;314860;3148608;Governador Valadares;314860;fernandinhamourao1@yahoo.com.br;cmaspecanha@yahoo.com.br
PEDRA AZUL;314870;3148707;Almenara;314870;smaspedraazul25@hotmail.com;"cons.assistsocial@hotmail.com;thatyferraz29@gmail.com"
PEDRA BONITA;314875;3148756;Muriae;314875;socialpb@yahoo.com.br;pbconselho@gmail.com
PEDRA DO ANTA;314880;3148806;Muriae;314880;"assistenciasocial@pedradoanta.mg.gov.br;assistenciasocialpa2017@gmail.com;";"cmaspedradoanta@yahoo.com.br;assistenciasocialpa2017@gmail.com;"
PEDRA DO INDAIA;314890;3148905;Divinopolis;314890;social@pedradoindaia.mg.gov.br;"social@pedradoindaia.mg.gov.br;ssmo001@yahoo.com.br;"
PEDRA DOURADA;314900;3149002;Muriae;314900;eliacsousa@hotmail.com;"semas@pedradourada.mg.gov.br;soares-priscila@hotmail.com"
PEDRALVA;314910;3149101;Varginha;314910;social@pedralva.mg.gov.br;admrosy05@gmail.com
PEDRAS DE MARIA DA CRUZ;314915;3149150;Montes Claros;314915;social@pedrasdemariadacruz.mg.gov.br;cmaspedras@yahoo.com.br
PEDRINOPOLIS;314920;3149200;Uberaba;314920;acaosocial@pedrinopolis.mg.gov.br;assistenciasocial@pedrinopolis.mg.gov.br
PEDRO LEOPOLDO;314930;3149309;Metropolitana;314930;"socialpl@pedroleopoldo.mg.gov.br;apshilario@pedroleopoldo.mg.gov.br;";dmnascimento@pedroleopoldo.mg.gov.br
PEDRO TEIXEIRA;314940;3149408;Juiz de Fora;314940;"secretariadeassistenciasocial@pedroteixeira.mg.gov.br;socialpteixeira@yahoo.com;";cmaspt@yahoo.com.br
PEQUERI;314950;3149507;Juiz de Fora;314950;seps@pequeri.mg.gov.br;SEPS@PEQUERI.MG.GOV.BR
PEQUI;314960;3149606;Divinopolis;314960;secasocial@pequi.mg.gov.br;cmaspequi@hotmail.com
PERDIGAO;314970;3149705;Divinopolis;314970;sec.desenvolvimentosocial@yahoo.com;simec2@hotmail.com
PERDIZES;314980;3149804;Uberaba;314980;social@perdizes.mg.gov.br;socialperdizes@yahoo.com.br
PERDOES;314990;3149903;Varginha;314990;assistenciaperdoes@gmail.com;conselhosdeperdoes@gmail.com
PERIQUITO;314995;3149952;Governador Valadares;314995;assistenciasocial@periquito.mg.gov.br;assistenciasocial@periquito.mg.gov.br
PESCADOR;315000;3150000;Teofilo Otoni;315000;liandragbarboza@hotmail.com;xaviersantos2@hotmail.com
PIAU;315010;3150109;Juiz de Fora;315010;"assis.social@piau.mg.gov.br;cras@piau.mg.gov.br;";"assis.social@piau.mg.gov.br;miriampsicologia@yahoo.com.br;cras@piau.mg.gov.br;cmas@piau.mg.gov.br;"
PIEDADE DE CARATINGA;315015;3150158;Timoteo;315015;assistenciasocialpmpc@gmail.com;"assistenciasocialpmpc@gmail.com;"
PIEDADE DE PONTE NOVA;315020;3150208;Timoteo;315020;"social@piedadedepontenova.mg.gov.br;macedopaula57@yahoo.com.br;";cmasppn@gmail.com
PIEDADE DO RIO GRANDE;315030;3150307;Sao Joao del Rei;315030;social@piedadedoriogrande.mg.gov.br;social@piedadedoriogrande.mg.gov.br
PIEDADE DOS GERAIS;315040;3150406;Sao Joao del Rei;315040;craspied@yahoo.com.br;cmas.piedadedosgerais@yahoo.com.br
PIMENTA;315050;3150505;Divinopolis;315050;semabes@yahoo.com.br;cmaspimenta@yahoo.com
PINGO D'AGUA;315053;3150539;Timoteo;315053;depasocial@yahoo.com.br;cmaspagua@yahoo.com.br
PINTOPOLIS;315057;3150570;Montes Claros;315057;socialpintopolis@gmail.com;SOCIALPINTOPOLIS@GMAIL.COM
PIRACEMA;315060;3150604;Divinopolis;315060;social@piracema.mg.gov.br;cmas@piracema.mg.gov.br
PIRAJUBA;315070;3150703;Uberaba;315070;assistenciasocial@pirajuba.mg.gov.br;"cmas@pirajuba.mg.gov.br; marileiaclaudia@gmail.com;"
PIRANGA;315080;3150802;Sao Joao del Rei;315080;"dpsocialpiranga@gmail.com;assistenciasocial@piranga.mg.gov.br;";cmaspiranga@outlook.com
PIRANGUCU;315090;3150901;Pocos de Caldas;315090;"assistenciasocial@pirangucu.mg.gov.br;agneliafreire@hotmail.com;";conselhopirangucu@outlook.com
PIRANGUINHO;315100;3151008;Pocos de Caldas;315100;social@piranguinho.mg.gov.br;social@piranguinho.mg.gov.br
PIRAPETINGA;315110;3151107;Muriae;315110;craspirapetinga@yahoo.com.br;custodiamg@yahoo.com.br
PIRAPORA;315120;3151206;Montes Claros;315120;setas@pirapora.mg.gov.br;angelribeiropira@yahoo.com.br
PIRAUBA;315130;3151305;Juiz de Fora;315130;social.pirauba@gmail.com;social.pirauba@gmail.com
PITANGUI;315140;3151404;Divinopolis;315140;acaosocial@pitangui.mg.gov.br;pitanguicmas@yahoo.com.br
PIUMHI;315150;3151503;Passos;315150;diras@prefeiturapiumhi.mg.gov.br;cma@prefeiturapiumhi.mg.gov.br
PLANURA;315160;3151602;Uberaba;315160;"smapsocial@planura.mg.gov.br;social@planura.mg.gov.br;";"cmas@planura.mg.gov.br;smapsocial@planura.mg.gov.br"
POCO FUNDO;315170;3151701;Varginha;315170;saspocofundo@gmail.com;craspocofundo@gmail.com
POCOS DE CALDAS;315180;3151800;Pocos de Caldas;315180;"secretaria.social@pocosdecaldas.mg.gov.br;nelson.maure@pocosdecaldas.mg.gov.br;";c.pcmas@hotmail.com
POCRANE;315190;3151909;Governador Valadares;315190;assistenciasocialpocrane@gmail.com;assistenciasocialpocrane@gmail.com
POMPEU;315200;3152006;Curvelo;315200;"vigilanciasocial@pompeu.mg.gov.br; social@pompeu.mg.gov.br";cmas@pompeu.mg.gov.br
PONTE NOVA;315210;3152105;Muriae;315210;semas@pontenova.mg.gov.br;"semas@pontenova.mg.gov.br;lazinierserrano@yahoo.com.br;"
PONTO CHIQUE;315213;3152131;Montes Claros;315213;socialpchique@yahoo.com.br;socialpchique@yahoo.com.br
PONTO DOS VOLANTES;315217;3152170;Aracuai;315217;assistenciasocialpvolante@yahoo.com.br;cmaspontodosvolantes@hotmail.com
PORTEIRINHA;315220;3152204;Montes Claros;315220;social@porteirinha.mg.gov.br;cmasdeporteirinha@yahoo.com.br
PORTO FIRME;315230;3152303;Muriae;315230;cras.portofirme@yahoo.com.br;"cmas.portofirme@yahoo.com.br;cras.portofirme@yahoo.com.br"
POTE;315240;3152402;Teofilo Otoni;315240;assistenciasocial@pote.mg.gov.br;cmas.pote@gmail.com
POUSO ALEGRE;315250;3152501;Pocos de Caldas;315250;desenvolvimentosocialpa@gmail.com;centralconselhos@yahoo.com.br
POUSO ALTO;315260;3152600;Varginha;315260;assistenciasocialpa@hotmail.com;cmaspousoalto@yahoo.com.br
PRADOS;315270;3152709;Sao Joao del Rei;315270;assistenciasocial@prados.mg.gov.br;assistenciasocial@prados.mg.gov.br
PRATA;315280;3152808;Uberlandia;315280;dphumanaprata@hotmail.com;cmasprata_mg@yahoo.com.br
PRATAPOLIS;315290;3152907;Passos;315290;cras@pratapolis.mg.gov.br;cmas@pratapolis.mg.gov.br
PRATINHA;315300;3153004;Patos de Minas;315300;social@pratinha.mg.gov.br;conselhospratinha@gmail.com
PRESIDENTE BERNARDES;315310;3153103;Muriae;315310;"social@presidentebernardes.mg.gov.br; josemariaguimaraes@yahoo.com.br";cmas@presidentebernardes.mg.gov.br
PRESIDENTE JUSCELINO;315320;3153202;Curvelo;315320;assistenciasocial.pj@gmail.com;crasparauna@yahoo.com.br
PRESIDENTE KUBITSCHEK;315330;3153301;Diamantina;315330;social@pk.mg.gov.br;cras@pk.mg.gov.br
PRESIDENTE OLEGARIO;315340;3153400;Patos de Minas;315340;assistenciasocial@po.mg.gov.br;po.cmas@gmail.com
PRUDENTE DE MORAIS;315360;3153608;Metropolitana;315360;"smtas.prud@yahoo.com.br;smtas.prud@yahoo.com;";cmas.prudemoraismg@gmail.com
QUARTEL GERAL;315370;3153707;Divinopolis;315370;social@quartelgeral.mg.gov.br;conselhomunicipalqg@yahoo.com.br
QUELUZITO;315380;3153806;Sao Joao del Rei;315380;social@queluzito.mg.gov.br;cmas@queluzito.mg.gov.br
RAPOSOS;315390;3153905;Metropolitana;315390;assistencia.social@raposos.mg.gov.br;assistencia.social@raposos.mg.gov.br
RAUL SOARES;315400;3154002;Timoteo;315400;semas@raulsoares.mg.gov.br;cmas@raulsoares.mg.gov.br
RECREIO;315410;3154101;Muriae;315410;smdsrecreio@gmail.com;smdsrecreio@gmail.com
REDUTO;315415;3154150;Muriae;315415;"assistenciasocialreduto@gmail.com;assistenciareduto@gmail.com;";assistenciasocialreduto@gmail.com
RESENDE COSTA;315420;3154200;Sao Joao del Rei;315420;assistenciasocial@resendecosta.mg.gov.br;assistenciasocial@resendecosta.mg.gov.br
RESPLENDOR;315430;3154309;Governador Valadares;315430;"smasresplendor@hotmail.com; assistencia@resplendor.mg.gov.br ";cmasresplendor@yahoo.com
RESSAQUINHA;315440;3154408;Sao Joao del Rei;315440;social@ressaquinha.mg.gov.br;"social@ressaquinha.mg.gov.br;conselhomasressaquinha@gmail.com"
RIACHINHO;315445;3154457;Paracatu;315445;"acaosocial@riachinho.mg.gov.br; patriciaalvesse@gmail.com";cmas.riachinho@gmail.com
RIACHO DOS MACHADOS;315450;3154507;Montes Claros;315450;socialriacho@gmail.com;cmasriacho@gmail.com
RIBEIRAO DAS NEVES;315460;3154606;Metropolitana;315460;"gabinetesemas@ribeiraodasneves.mg.gov.br;geratec@ribeiraodasneves.mg.gov.br;";cmas@ribeiraodasneves.mg.gov.br
RIBEIRAO VERMELHO;315470;3154705;Varginha;315470;"rv.social@gmail.com; bemestar.rv@gmail.com; social@ribeiraovermelho.mg.gov.br";rv.social@gmail.com
RIO ACIMA;315480;3154804;Metropolitana;315480;acaosocial@prefeiturarioacima.mg.gov.br;acaosocial@prefeiturarioacima.mg.gov.br
RIO CASCA;315490;3154903;Timoteo;315490;semasriocasca2009@yahoo.com;"casadosconselhos@riocasca.mg.gov.br;rosanifaraci@hotmail.com;"
RIO DO PRADO;315510;3155108;Almenara;315510;simoneferrazalmenara@hotmail.com;analuizacordeiros@gmail.com
RIO DOCE;315500;3155009;Timoteo;315500;asocial@riodoce.mg.gov.br;"cmas@riodoce.mg.gov.br; enfermagem@riodoce.mg.gov.br"
RIO ESPERA;315520;3155207;Sao Joao del Rei;315520;secretariasocial@outlook.com.br;assistenciasocial.pmrioespera@gmail.com
RIO MANSO;315530;3155306;Metropolitana;315530;secretariaas2017@outlook.com;assistenciasocial@riomanso.mg.gov.br
RIO NOVO;315540;3155405;Juiz de Fora;315540;coor.asocial@rionovo.mg.gov.br;cmas@rionovo.mg.gov.br
RIO PARANAIBA;315550;3155504;Patos de Minas;315550;social@rioparanaiba.mg.gov.br;secrioparanaiba@gmail.com
RIO PARDO DE MINAS;315560;3155603;Salinas;315560;smas.rpm@hotmail.com;cmasriopardo@gmail.com
RIO PIRACICABA;315570;3155702;Timoteo;315570;assistencia@riopiracicaba.mg.gov.br;cmas@riopiracicaba.mg.gov.br
RIO POMBA;315580;3155801;Juiz de Fora;315580;socialriopomba@gmail.com;cmas.riopomba@gmail.com
RIO PRETO;315590;3155900;Juiz de Fora;315590;sads.riopreto@gmail.com;cm.asrp@gmail.com
RIO VERMELHO;315600;3156007;Diamantina;315600;smas@riovermelho.mg.gov.br;cmasriver@yahoo.com.br
RITAPOLIS;315610;3156106;Sao Joao del Rei;315610;social@ritapolis.mg.gov.br;social@ritapolis.mg.gov.br
ROCHEDO DE MINAS;315620;3156205;Juiz de Fora;315620;alice.farhat@yahoo.com.br;cmasrochedo@outlook.com
RODEIRO;315630;3156304;Juiz de Fora;315630;socialrodeiro@yahoo.com.br;"socialrodeiro@yahoo.com.br;magnolia.azevedo@gmail.com;"
ROMARIA;315640;3156403;Uberlandia;315640;assistenciasocial@romaria.mg.gov.br;michellibrr@yahoo.com.br
ROSARIO DA LIMEIRA;315645;3156452;Muriae;315645;assistenciasocial@rosariodalimeira.mg.gov.br;assistenciasocial@rosariodalimeira.mg.gov.br
RUBELITA;315650;3156502;Salinas;315650;smasrubelita@yahoo.com.br;smasrubelita@yahoo.com.br
RUBIM;315660;3156601;Almenara;315660;assistenciasocial@rubim.mg.gov.br;cmasrubim@bol.com.br
SABARA;315670;3156700;Metropolitana;315670;niviasilva@sabara.mg.gov.br;"secretariaconselhos@sabara.mg.gov.br;casadosconselhos@sabara.mg.gov.br;"
SABINOPOLIS;315680;3156809;Governador Valadares;315680;assistencia@sabinopolis.mg.gov.br;conselhossmas@sabinopolis.mg.gov.br
SACRAMENTO;315690;3156908;Uberaba;315690;social02@sacramento.mg.gov.br;cmas@sacramento.mg.gov.br
SALINAS;315700;3157005;Salinas;315700;social@salinas.mg.gov.br;cmas_salinas@yahoo.com.br
SALTO DA DIVISA;315710;3157104;Almenara;315710;assistenciasocial@saltodadivisa.mg.gov.br;"smas.salto@gmail.com;assistenciasocial@saltodadivisa.mg.gov.br"
SANTA BARBARA;315720;3157203;Metropolitana;315720;assistenciasocial@santabarbara.mg.gov.br;assessoria.smds@santabarbara.mg.gov.br
SANTA BARBARA DO LESTE;315725;3157252;Timoteo;315725;smas_sbl@hotmail.com;cmas_sbl@hotmail.com
SANTA BARBARA DO MONTE VERDE;315727;3157278;Juiz de Fora;315727;assbarbara@gmail.com;cmas_santabarbara@hotmail.com
SANTA BARBARA DO TUGURIO;315730;3157302;Sao Joao del Rei;315730;assistenciasocial@santabarbaradotugurio.mg.gov.br;cmassbt2017@gmail.com
SANTA CRUZ DE MINAS;315733;3157336;Sao Joao del Rei;315733;social@santacruzdeminas.mg.gov.br;cmassantacruzdeminas@gmail.com
SANTA CRUZ DE SALINAS;315737;3157377;Salinas;315737;assistenciasocial81@gmail.com;cmas.stc@yahoo.com.br
SANTA CRUZ DO ESCALVADO;315740;3157401;Timoteo;315740;smas@santacruzdoescalvado.mg.gov.br;smas@santacruzdoescalvado.mg.gov.br
SANTA EFIGENIA DE MINAS;315750;3157500;Governador Valadares;315750;assistenciasocialsantaefigenia@gmail.com;assistenciasocialsantaefigenia@gmail.com
SANTA FE DE MINAS;315760;3157609;Montes Claros;315760;socialsantafe@yahoo.com.br;conselhosantafe@yahoo.com.br
SANTA HELENA DE MINAS;315765;3157658;Teofilo Otoni;315765;socialsantahelena@yahoo.com.br;socialsantahelena@yahoo.com.br
SANTA JULIANA;315770;3157708;Uberaba;315770;social@santajuliana.mg.gov.br;cmas@santajuliana.mg.gov.br
SANTA LUZIA;315780;3157807;Metropolitana;315780;"politica.dsocial@santaluzia.mg.gov.br;anapaiva@santaluzia.mg.gov.br;katiasantos@santaluzia.mg.gov.br;";"casadosconselhos@santaluzia.mg.gov.br;"
SANTA MARGARIDA;315790;3157906;Muriae;315790;smassantamargarida@gmail.com;cmassantamargarida@gmail.com
SANTA MARIA DE ITABIRA;315800;3158003;Timoteo;315800;servicosocialsmi@gmail.com;cmassmi@gmail.com
SANTA MARIA DO SALTO;315810;3158102;Almenara;315810;smscras@gmail.com;smascras@gmail.com
SANTA MARIA DO SUACUI;315820;3158201;Governador Valadares;315820;smssocial@yahoo.com.br;cmas.smaria@yahoo.com
SANTA RITA DE CALDAS;315920;3159209;Pocos de Caldas;315920;"social@prefeiturasrc.mg.gov.br;smas_srcaldas@globomail.com;";"smas_srcaldas@globomail.com;cmassritacaldas@gmail.com;"
SANTA RITA DE IBITIPOCA;315940;3159407;Sao Joao del Rei;315940;cras.santaritadeibitipoca@gmail.com;conselhosri@gmail.com
SANTA RITA DE JACUTINGA;315930;3159308;Juiz de Fora;315930;social@srjacutinga.mg.gov.br;crassantaritadejacutinga@gmail.com
SANTA RITA DE MINAS;315935;3159357;Timoteo;315935;socialsantarita@outlook.com;cmassrm@outlook.com
SANTA RITA DO ITUETO;315950;3159506;Governador Valadares;315950;social.pmsri@gmail.com;cmassritueto@hotmail.com
SANTA RITA DO SAPUCAI;315960;3159605;Pocos de Caldas;315960;"socialsrs@hotmail.com;";cmassrs@gmail.com
SANTA ROSA DA SERRA;315970;3159704;Patos de Minas;315970;soniasocial2009@hotmail.com;cmassantarosa@yahoo.com.br
SANTA VITORIA;315980;3159803;Ituiutaba;315980;ph@santavitoria.mg.gov.br;ph@santavitoria.mg.gov.br
SANTANA DA VARGEM;315830;3158300;Varginha;315830;acaosocial@santanadavargem.mg.gov.br;acaosocial@santanadavargem.mg.gov.br
SANTANA DE CATAGUASES;315840;3158409;Muriae;315840;smassantanamg@gmail.com;brunosabino2011@gmail.com
SANTANA DE PIRAPAMA;315850;3158508;Curvelo;315850;pirapamasocial@yahoo.com;pirapamasocial@yahoo.com.br
SANTANA DO DESERTO;315860;3158607;Juiz de Fora;315860;assistenciasocial@santanadodeserto.mg.gov.br;SOCIALSANTANADODESERTO@GMAIL.COM
SANTANA DO GARAMBEU;315870;3158706;Sao Joao del Rei;315870;dmdasgarambeu@yahoo.com.br;cmasgarambeu@yahoo.com.br
SANTANA DO JACARE;315880;3158805;Divinopolis;315880;social.sj@gmail.com;social.sj@gmail.com
SANTANA DO MANHUACU;315890;3158904;Governador Valadares;315890;santanasocial@hotmail.com;cmassantana@hotmail.com
SANTANA DO PARAISO;315895;3158953;Timoteo;315895;assistenciasocial@santanadoparaiso.mg.gov.br;"cmas@santanadoparaiso.mg.gov.br;secretariaexecutiva.pmsp@gmail.com;"
SANTANA DO RIACHO;315900;3159001;Metropolitana;315900;social@santanadoriacho.mg.gov.br;cmas@santanadoriacho.mg.gov.br
SANTANA DOS MONTES;315910;3159100;Sao Joao del Rei;315910;assistenciasocial@santanadosmontes.mg.gov.br;"cmas.santanadosmontes@yahoo.com.br;assistenciasocial@santanadosmontes.mg.gov.br;"
SANTO ANTONIO DO AMPARO;315990;3159902;Divinopolis;315990;social@santoantoniodoamparo.mg.gov.br;cmas@santoantoniodoamparo.mg.gov.br
SANTO ANTONIO DO AVENTUREIRO;316000;3160009;Juiz de Fora;316000;social.pmsaa@bol.com.br;cmasaventureiro@bol.com.br
SANTO ANTONIO DO GRAMA;316010;3160108;Timoteo;316010;secretariasocialgrama@bol.com.br;secretariasocialgrama@bol.com.br
SANTO ANTONIO DO ITAMBE;316020;3160207;Diamantina;316020;itambesocial@oi.com.br;conselhoitambe@yahoo.com.br
SANTO ANTONIO DO JACINTO;316030;3160306;Almenara;316030;socialsaja@outlook.com;cmas.saja@hotmail.com
SANTO ANTONIO DO MONTE;316040;3160405;Divinopolis;316040;"assistencia_samonte@yahoo.com.br; secassistenciasocial@samonte.mg.gov.br";"assistencia_samonte@yahoo.com.br; secassistenciasocial@samonte.mg.gov.br"
SANTO ANTONIO DO RETIRO;316045;3160454;Montes Claros;316045;smasocialsar@gmail.com;smasocialsar@ig.com.br
SANTO ANTONIO DO RIO ABAIXO;316050;3160504;Timoteo;316050;social@santoantoniodorioabaixo.mg.gov.br;karol.almeida95@live.com
SANTO HIPOLITO;316060;3160603;Curvelo;316060;social@santohipolito.mg.gov.br;social@santohipolito.mg.gov.br
SANTOS DUMONT;316070;3160702;Juiz de Fora;316070;sasc@santosdumont.mg.gov.br;tiago-paularamos@bol.com.br 
SAO BENTO ABADE;316080;3160801;Varginha;316080;social@saobentoabade.mg.gov.br;conselhos@saobentoabade.mg.gov.br
SAO BRAS DO SUACUI;316090;3160900;Sao Joao del Rei;316090;social@saobrasdosuacui.mg.gov.br;cmassbs@gmail.com
SAO DOMINGOS DAS DORES;316095;3160959;Timoteo;316095;socialsdd@outlook.com;cmassdd@hotmail.com
SAO DOMINGOS DO PRATA;316100;3161007;Timoteo;316100;anacristina@saodomingosdoprata.mg.gov.br;cmassaodomingosdoprata@gmail.com
SAO FELIX DE MINAS;316105;3161056;Governador Valadares;316105;craspmsfm@gmail.com;lindonete30@gmail.com
SAO FRANCISCO;316110;3161106;Montes Claros;316110;semds@prefeituradesaofrancisco.mg.gov.br;cmassaofco@gmail.com
SAO FRANCISCO DE PAULA;316120;3161205;Divinopolis;316120;social@saofranciscodepaula.mg.gov.br;"conselhos@saofranciscodepaula.mg.gov.br; angelalopes450@yahoo.com.br"
SAO FRANCISCO DE SALES;316130;3161304;Ituiutaba;316130;asocial@saofranciscodesales.mg.gov.br;thiago.borgesdeoliveira2014@gmail.com
SAO FRANCISCO DO GLORIA;316140;3161403;Muriae;316140;assistenciasocial@saofranciscodogloria.mg.gov.br;assistenciasocial@saofranciscodogloria.mg.gov.br
SAO GERALDO;316150;3161502;Muriae;316150;angelstampini@gmail.com;angelstampini@gmail.com
SAO GERALDO DA PIEDADE;316160;3161601;Governador Valadares;316160;social@saogeraldodapiedade.mg.gov.br;"cmassgp2013@gmail.com;social@saogeraldodapiedade.mg.gov.br;"
SAO GERALDO DO BAIXIO;316165;3161650;Governador Valadares;316165;social@saogeraldodobaixio.mg.gov.br;cmas@saogeraldodobaixio.mg.gov.br
SAO GONCALO DO ABAETE;316170;3161700;Patos de Minas;316170;s.g.social@hotmail.com;camilasg_santos@hotmail.com
SAO GONCALO DO PARA;316180;3161809;Divinopolis;316180;assistenciasocial@saogoncalodopara.mg.gov.br;cmas@saogoncalodopara.mg.gov.br
SAO GONCALO DO RIO ABAIXO;316190;3161908;Timoteo;316190;acaosocial@saogoncalo.mg.gov.br;cmas.saogoncalo@yahoo.com.br
SAO GONCALO DO RIO PRETO;312550;3125507;Diamantina;312550;riopretosocial3@gmail.com;conselhomunicipal3@gmail.com
SAO GONCALO DO SAPUCAI;316200;3162005;Varginha;316200;social@saogoncalodosapucai.mg.gov.br;"secretariaconselhossgs@hotmail.com;secretariaconselho.sgs@outlook.com;compras.sgs.as@gmail.com;"
SAO GOTARDO;316210;3162104;Patos de Minas;316210;social@saogotardo.mg.gov.br;social@saogotardo.mg.gov.br
SAO JOAO BATISTA DO GLORIA;316220;3162203;Passos;316220;servicosocial@gloria.mg.gov.br;cmas@gloria.mg.gov.br
SAO JOAO DA LAGOA;316225;3162252;Montes Claros;316225;smasaojoaodalagoa@yahoo.com.br;cmassjl@hotmail.com
SAO JOAO DA MATA;316230;3162302;Varginha;316230;sjmatasocial@hotmail.com;sjmatasocial@hotmail.com
SAO JOAO DA PONTE;316240;3162401;Montes Claros;316240;smassjponte2017@gmail.com;"rodriguesgeso@gmail.com;"
SAO JOAO DAS MISSOES;316245;3162450;Montes Claros;316245;servsocialsjm@yahoo.com.br;cmassjmissoes@yahoo.com.br
SAO JOAO DEL REI;316250;3162500;Sao Joao del Rei;316250;assistenciasocial@saojoaodelrei.mg.gov.br;cmas.sjdr@yahoo.com.br
SAO JOAO DO MANHUACU;316255;3162559;Muriae;316255;"cras.assistenciasjm@gmail.com;smassjmanhuacu@yahoo.com.br;smassjmanhuacu@yahoo.com;";cras.assistenciasjm@gmail.com
SAO JOAO DO MANTENINHA;316257;3162575;Governador Valadares;316257;alanacris10@hotmail.com;meirelene12@gmail.com
SAO JOAO DO ORIENTE;316260;3162609;Timoteo;316260;secretariadeassistenciasocialsjo@hotmail.com;conselhosjo@hotmail.com
SAO JOAO DO PACUI;316265;3162658;Montes Claros;316265;cras@saojoaodopacui.mg.gov.br;cras@saojoaodopacui.mg.gov.br
SAO JOAO DO PARAISO;316270;3162708;Salinas;316270;s.assistenciasocial@yahoo.com;cmas_sjp@yahoo.com
SAO JOAO EVANGELISTA;316280;3162807;Governador Valadares;316280;assistenciasocialsje@yahoo.com;assistenciasocialsje@yahoo.com.br
SAO JOAO NEPOMUCENO;316290;3162906;Juiz de Fora;316290;social@sjnepomuceno.mg.gov.br;"social@sjnepomuceno.mg.gov.br;cras@sjnepomuceno.mg.gov.br"
SAO JOAQUIM DE BICAS;316292;3162922;Metropolitana;316292;semdes17@gmail.com;semdes17@gmail.com
SAO JOSE DA BARRA;316294;3162948;Passos;316294;assistenciasocial@saojosedabarra.mg.gov.br;cmassaojosedabarra@yahoo.com.br
SAO JOSE DA LAPA;316295;3162955;Metropolitana;316295;acaosocial@saojosedalapa.org.br;acaosocial@saojosedalapa.mg.gov.br
SAO JOSE DA SAFIRA;316300;3163003;Governador Valadares;316300;assistenciasocialsafira@yahoo.com.br;cmassafira@yahoo.com.br
SAO JOSE DA VARGINHA;316310;3163102;Metropolitana;316310;sedes@saojosedavarginha.mg.gov.br;cmas@saojosedavarginha.mg.gov.br
SAO JOSE DO ALEGRE;316320;3163201;Pocos de Caldas;316320;crassaojosedoalegre@gmail.com;crasjosedoalegre@gmail.com
SAO JOSE DO DIVINO;316330;3163300;Governador Valadares;316330;assistencia.saojosedodivino@yahoo.com.br;assistencia.saojosedodivino@yahoo.com.br
SAO JOSE DO GOIABAL;316340;3163409;Timoteo;316340;saude@saojosedogoiabal.mg.gov.br;saude@saojosedogoiabal.mg.gov.br
SAO JOSE DO JACURI;316350;3163508;Governador Valadares;316350;smasjacuri17@hotmail.com;conselho.m.as@hotmail.com
SAO JOSE DO MANTIMENTO;316360;3163607;Governador Valadares;316360;marildapraxedes@gmail.com;cmasmantimento17@gmail.com
SAO LOURENCO;316370;3163706;Varginha;316370;social@saolourenco.mg.gov.br;jeanpierre@saolourenco.mg.gov.br
SAO MIGUEL DO ANTA;316380;3163805;Muriae;316380;sec.assistenciasocialsma@yahoo.com.br;"crascasadasfamiliassma@yahoo.com.br;crassaomigueldoanta@yahoo.com.br"
SAO PEDRO DA UNIAO;316390;3163904;Passos;316390;dmas@saopedrodauniao.mg.gov.br;gabrielspu@hotmail.com
SAO PEDRO DO SUACUI;316410;3164100;Governador Valadares;316410;assistenciasocial_saopedrodosuacui@hotmail.com;cmas-saopedrodosuacui@outlook.com
SAO PEDRO DOS FERROS;316400;3164001;Timoteo;316400;secmasspf@outlook.com;cmasspf@outlook.com
SAO ROMAO;316420;3164209;Montes Claros;316420;semas@saoromao.mg.gov.br;semas@saoromao.mg.gov.br
SAO ROQUE DE MINAS;316430;3164308;Passos;316430;assistencia_srminas@yahoo.com.br;"cmas.srminas@hotmail.com;conselhos.srminas@yahoo.com.br;"
SAO SEBASTIAO DA BELA VISTA;316440;3164407;Varginha;316440;"smasssbv@bol.com.br;";luizablacerdas@gmail.com
SAO SEBASTIAO DA VARGEM ALEGRE;316443;3164431;Muriae;316443;analuizaalonso@hotmail.com;cmasssva@outlook.com
SAO SEBASTIAO DO ANTA;316447;3164472;Timoteo;316447;socialssa@yahoo.com.br;socialssa@yahoo.com.br
SAO SEBASTIAO DO MARANHAO;316450;3164506;Governador Valadares;316450;socialssm@yahoo.com.br;socialssm@yahoo.com.br
SAO SEBASTIAO DO OESTE;316460;3164605;Divinopolis;316460;assistenciasocial@saosebastiaodooeste.mg.gov.br;assistenciasso@yahoo.com.br
SAO SEBASTIAO DO PARAISO;316470;3164704;Passos;316470;"adm.smds@ssparaiso.mg.gov.br;adm.acaosocial@ssparaiso.mg.gov.br;";cmas.smds@ssparaiso.mg.gov.br
SAO SEBASTIAO DO RIO PRETO;316480;3164803;Timoteo;316480;assistenciasocial@saosebastiaodoriopreto.mg.gov.br;cmas.saosebastiao@yahoo.com.br
SAO SEBASTIAO DO RIO VERDE;316490;3164902;Varginha;316490;assistenciasocial.ssrv@gmail.com;cmas.ssrv@gmail.com
SAO THOME DAS LETRAS;316520;3165206;Varginha;316520;"dmdsstl@hotmail.com;jaquelineandadecrv@gmail.com;gestaodmds@gmail.com;";"CMSAOTHOME@YAHOO.COM.BR;thailaescobarst@hotmail.com;"
SAO TIAGO;316500;3165008;Sao Joao del Rei;316500;assistenciasocial@saotiago.mg.gov.br;cmasaotiago@gmail.com
SAO TOMAS DE AQUINO;316510;3165107;Passos;316510;cras@staquino.mg.gov.br;cras@staquino.mg.gov.br
SAO VICENTE DE MINAS;316530;3165305;Sao Joao del Rei;316530;assistenciasocial@saovicentedeminas.mg.gov.br;cmas@saovicentedeminas.mg.gov.br
SAPUCAI MIRIM;316540;3165404;Pocos de Caldas;316540;"social_spmirim@yahoo.com.br;social@sapucaimirim.mg.gov.br;";cmas.sapucaimirim@yahoo.com.br
SARDOA;316550;3165503;Governador Valadares;316550;lucianoleitesilva75@gmail.com;crassardoa2015@hotmail.com
SARZEDO;316553;3165537;Metropolitana;316553;pbf@sarzedo.mg.gov.br;cmas@sarzedo.mg.gov.br
SEM PEIXE;316556;3165560;Timoteo;316556;social@sempeixe.mg.gov.br;cmas@sempeixe.mg.gov.br
SENADOR AMARAL;316557;3165578;Pocos de Caldas;316557;mj.moraes@yahoo.com.br;crass.sa@micropic.com.br
SENADOR CORTES;316560;3165602;Juiz de Fora;316560;assistenciasocial.cmas@gmail.com;assistenciasocial.cmas@gmail.com
SENADOR FIRMINO;316570;3165701;Juiz de Fora;316570;assistenciasocial@senadorfirmino.mg.gov.br;"assistenciasocial@senadorfirmino.mg.gov.br;cras@senadorfirmino.mg.gov.br"
SENADOR JOSE BENTO;316580;3165800;Pocos de Caldas;316580;assenador@gmail.com;cmssenador@gmail.com
SENADOR MODESTINO GONCALVES;316590;3165909;Diamantina;316590;pmsmgasocial@yahoo.com.br;pmsmgasocial@yahoo.com.br
SENHORA DE OLIVEIRA;316600;3166006;Sao Joao del Rei;316600;social@senhoradeoliveira.mg.gov.br;pmso.cmas@gmail.com
SENHORA DO PORTO;316610;3166105;Governador Valadares;316610;socialsenhoradoporto@gmail.com;asocial@senhoradoporto.mg.gov.br
SENHORA DOS REMEDIOS;316620;3166204;Sao Joao del Rei;316620;social@senhoradosremedios.mg.gov.br;"social@senhoradosremedios.mg.gov.br;assisjucileia@yahoo.com.br;"
SERICITA;316630;3166303;Muriae;316630;dmassericita2011@yahoo.com.br;"dmassericita2011@yahoo.com.br;secretariaexecutivasericita@ymail.com"
SERITINGA;316640;3166402;Juiz de Fora;316640;gabinete@seritinga.mg.gov.br;cmasseritinga@ig.com.br
SERRA AZUL DE MINAS;316650;3166501;Diamantina;316650;smas@serraazuldeminas.mg.gov.br;smas.cmas.sam_2017@outlook.com
SERRA DA SAUDADE;316660;3166600;Divinopolis;316660;asserrasaudade@yahoo.com.br;cmasserra17@yahoo.com.br
SERRA DO SALITRE;316680;3166808;Patos de Minas;316680;socialserra@yahoo.com.br;cmasserradosalitre@hotmail.com
SERRA DOS AIMORES;316670;3166709;Teofilo Otoni;316670;smassocial1@yahoo.com.br;cdp1549@gmail.com
SERRANIA;316690;3166907;Pocos de Caldas;316690;social@serrania.mg.gov.br;serraniasocial@yahoo.com.br
SERRANOPOLIS DE MINAS;316695;3166956;Montes Claros;316695;smasserranopolis@yahoo.com.br;"conselhomasserranopolis@yahoo.com.br;cmasserranopolis@yahoo.com.br;"
SERRANOS;316700;3167004;Juiz de Fora;316700;"social@serranos.mg.gov.br; denijuri@yahoo.com.br";"crasserranos@hotmail.com;sandroalvarenga@hotmail.com"
SERRO;316710;3167103;Diamantina;316710;social@serro.mg.gov.br;social@serro.mg.gov.br
SETE LAGOAS;316720;3167202;Metropolitana;316720;"secretaria.assistenciasocial@setelagoas.mg.gov.br;lucienechaves.assistenciasocial@setelagoas.mg.gov.br;";cmassl@yahoo.com.br
SETUBINHA;316555;3165552;Teofilo Otoni;316555;setubinhasocial@yahoo.com.br;"setubinhasocial@yahoo.com.br;vivianlopesmiranda@hotmail.com"
SILVEIRANIA;316730;3167301;Juiz de Fora;316730;"sasilveirania@gmail.com;cras@silveirania.mg.gov.br;";cmas.silveirania@gmail.com
SILVIANOPOLIS;316740;3167400;Varginha;316740;santanasocial@yahoo.com.br;santanasocial@yahoo.com.br
SIMAO PEREIRA;316750;3167509;Juiz de Fora;316750;assistenciasocial@simaopereira.mg.gov.br;"conselhos.simaopereira@gmail.com;conselhospereira@yahoo.com"
SIMONESIA;316760;3167608;Timoteo;316760;"acaosocial@simonesia.mg.gov.br;acaosocialsimonesia@gmail.com;";izania@redemg.org.br
SOBRALIA;316770;3167707;Governador Valadares;316770;sobralia.social@hotmail.com;sobralia.social@hotmail.com
SOLEDADE DE MINAS;316780;3167806;Varginha;316780;assistentesocialsoldeminas@hotmail.com;cmassoledade@hotmail.com
TABULEIRO;316790;3167905;Juiz de Fora;316790;assistenciasocial@tabuleiro.mg.gov.br;assistenciasocial@tabuleiro.mg.gov.br
TAIOBEIRAS;316800;3168002;Salinas;316800;assistenciasocial@taiobeiras.mg.gov.br;"nae@taiobeiras.mg.gov.br; creas@taiobeiras.mg.gov.br"
TAPARUBA;316805;3168051;Governador Valadares;316805;crastaparuba@hotmail.com;assistenciasocial@taparuba.mg.gov.br
TAPIRA;316810;3168101;Uberaba;316810;desenvolvimento.social@tapira.mg.gov.br;"DESENVOLVIMENTO.SOCIAL@TAPIRA.MG.GOV.BR;ELIZEU.NET@GMAIL.COM"
TAPIRAI;316820;3168200;Divinopolis;316820;assistenciasocial@tapirai.mg.gov.br;cmas@tapirai.mg.gov.br
TAQUARACU DE MINAS;316830;3168309;Metropolitana;316830;assistenciatm@yahoo.com.br;cmastaquaracu@yahoo.com.br
TARUMIRIM;316840;3168408;Governador Valadares;316840;secastaru@hotmail.com;"cmastarumirim@hotmail.com;secastaru@hotmail.com;"
TEIXEIRAS;316850;3168507;Muriae;316850;"socialteixeiras@gmail.com;pennaline@hotmail.com;cras@teixeiras.mg.gov.br;";socialteixeiras@gmail.com
TEOFILO OTONI;316860;3168606;Teofilo Otoni;316860;assistenciasocial@teofilootoni.mg.gov.br;casadosconselhos@teofilootoni.mg.gov.br
TIMOTEO;316870;3168705;Timoteo;316870;sastimoteo@gmail.com;cmastimoteo@gmail.com
TIRADENTES;316880;3168804;Sao Joao del Rei;316880;assistencia-social@tiradentes.mg.gov.br;cmas.tirad@gmail.com
TIROS;316890;3168903;Patos de Minas;316890;semas.tiros@hotmail.com;cristinabraga6@hotmail.com
TOCANTINS;316900;3169000;Juiz de Fora;316900;assistenciasocial@tocantins.mg.gov.br;assistenciasocialpmtmg@gmail.com
TOCOS DO MOJI;316905;3169059;Pocos de Caldas;316905;demaps.tocos@hotmail.com;cmas.tocos@gmail.com
TOLEDO;316910;3169109;Pocos de Caldas;316910;"socialtoledo@hotmail.com;";cmas.toledo.mg@gmail.com
TOMBOS;316920;3169208;Muriae;316920;social@prefeituratombos.mg.gov.br;social@prefeituratombos.mg.gov.br
TRES CORACOES;316930;3169307;Varginha;316930;"gestor.sedeso@trescoracoes.mg.gov.br;dps.sedeso@trescoracoes.mg.gov.br;";cmas@trescoracoes.mg.gov.br
TRES MARIAS;316935;3169356;Curvelo;316935;assistenciasocial@tresmarias.mg.gov.br;cmas.tresmarias@yahoo.com.br
TRES PONTAS;316940;3169406;Varginha;316940;smascompras@trespontas.mg.gov.br;conselhoassistenciasocial@trespontas.mg.gov.br
TUMIRITINGA;316950;3169505;Governador Valadares;316950;"assistenciasocial@tumiritinga.mg.gov.br;socialtumiritinga@yahoo.com.br;";socialtumiritinga@yahoo.com.br
TUPACIGUARA;316960;3169604;Uberlandia;316960;ssocial_tupaciguara@hotmail.com;cmas.tupacig@yahoo.com.br
TURMALINA;316970;3169703;Aracuai;316970;turmalina.smas@yahoo.com.br;"cmas.turmalina@bol.com.br;andrezamacie29@yahoo.com.br ;"
TURVOLANDIA;316980;3169802;Varginha;316980;asturvo@hotmail.com;"asturvo@hotmail.com;crasturvolandia@outlook.com;"
UBA;316990;3169901;Juiz de Fora;316990;desenvolvimentosocial@uba.mg.gov.br;sec.executiva@uba.mg.gov.br
UBAI;317000;3170008;Montes Claros;317000;assistenciasocial@ubai.mg.gov.br;social@ubai.mg.gov.br
UBAPORANGA;317005;3170057;Timoteo;317005;acaosocialubaporanga2017@gmail.com;acaosocialubaporanga2017@gmail.com
UBERABA;317010;3170107;Uberaba;317010;seds@uberaba.mg.gov.br;cmas@uberabadigital.com.br
UBERLANDIA;317020;3170206;Uberlandia;317020;sedest@uberlandia.mg.gov.br;"cmasuberlandiamg@gmail.com;aps@uberlandia.mg.gov.br"
UMBURATIBA;317030;3170305;Teofilo Otoni;317030;social.umburatiba@hotmail.com;"cmas.umburatiba@hotmail.com;mabelysalgado@hotmail.com;"
UNAI;317040;3170404;Paracatu;317040;social@prefeituraunai.mg.gov.br;social@prefeituraunai.mg.gov.br
UNIAO DE MINAS;317043;3170438;Ituiutaba;317043;assistenciasocial@uniaodeminas.mg.gov.br;assistenciasocial@uniaodeminas.mg.gov.br
URUANA DE MINAS;317047;3170479;Paracatu;317047;social@uruanademinas.mg.gov.br;cmas@uruanademinas.mg.gov.br
URUCANIA;317050;3170503;Timoteo;317050;social@urucania.mg.gov.br;cmas@urucania.mg.gov.br
URUCUIA;317052;3170529;Montes Claros;317052;social@urucuia.mg.gov.br;cmasurucuia2017@gmail.com
VARGEM ALEGRE;317057;3170578;Timoteo;317057;assistenciasocialvalegre@gmail.com;cmasvargemalegre@gmail.com
VARGEM BONITA;317060;3170602;Passos;317060;assistenciasocial@vargembonita.mg.gov.br;regulacao@vargembonita.mg.gov.br
VARGEM GRANDE DO RIO PARDO;317065;3170651;Salinas;317065;smasvg@yahoo.com.br;"cmasvg@yahoo.com.br;smasvg@yahoo.com.br"
VARGINHA;317070;3170701;Varginha;317070;sehad@varginha.mg.gov.br;rodrigo.silva@varginha.mg.gov.br
VARJAO DE MINAS;317075;3170750;Patos de Minas;317075;assistenciasocialvm@gmail.com;"acaosocialvm@gmail.com;crasvarjao@gmail.com"
VARZEA DA PALMA;317080;3170800;Montes Claros;317080;smdsvzp@gmail.com;cmasvzp@gmail.com
VARZELANDIA;317090;3170909;Montes Claros;317090;sapsvarzelandia@bol.com.br;"conselhovarzelandia@yahoo.com.br; cmasvarzelandia2018@bol.com.br"
VAZANTE;317100;3171006;Paracatu;317100;acaosocialvazante@yahoo.com.br;"cmasvazantemg@gmail.com;acaosocialvazante@yahoo.com.br"
VERDELANDIA;317103;3171030;Montes Claros;317103;assistenciasocialverdelandia@hotmail.com;"cmas-verdelandia@hotmail.com;elyzregina@hotmail.com;"
VEREDINHA;317107;3171071;Diamantina;317107;social@veredinha.mg.gov.br;social@veredinha.mg.gov.br
VERISSIMO;317110;3171105;Uberaba;317110;"cras.verissimo.mg@gmail.com;joaninhabraz@hotmail.com;";cmasverissimo@hotmail.com
VERMELHO NOVO;317115;3171154;Timoteo;317115;desenvolvimentosocialvn@yahoo.com.br;jessycacras@gmail.com
VESPASIANO;317120;3171204;Metropolitana;317120;"acaosocial@vespasiano.mg.gov.br;";"cmas@vespasiano.mg.gov.br; conselhossmds@vespasiano.mg.gov.br;"
VICOSA;317130;3171303;Muriae;317130;acaosocialpmv@yahoo.com.br;cmas.vicosa@gmail.com
VIEIRAS;317140;3171402;Muriae;317140;eliziane@vieiras.mg.gov.br;cmas@vieiras.mg.gov.br
VIRGEM DA LAPA;317160;3171600;Aracuai;317160;assistenciasocial@virgemdalapa.mg.gov.br;helio.loyla@hotmail.com
VIRGINIA;317170;3171709;Varginha;317170;socialvirginia@yahoo.com.br;cmasvirginia@yahoo.com.br
VIRGINOPOLIS;317180;3171808;Governador Valadares;317180;"assistentesocialvgp@hotmail.com; nadja_amaral@yahoo.com.br";"assistentesocialvgp@hotmail.com; wb.coelho@bol.com.br"
VIRGOLANDIA;317190;3171907;Governador Valadares;317190;"socialvirgolandia@yahoo.com.br;terezasardinha@hotmail.com;";socialvirgolandia@yahoo.com.br
VISCONDE DO RIO BRANCO;317200;3172004;Muriae;317200;assistsocial@viscondedoriobranco.mg.gov.br;secretariaexecutivavrb@hotmail.com
VOLTA GRANDE;317210;3172103;Muriae;317210;smasvgrande@hotmail.com;cmasvoltagrande@hotmail.com
WENCESLAU BRAZ;317220;3172202;Pocos de Caldas;317220;social@wenceslaubraz.mg.gov.br;social@wenceslaubraz.mg.gov.br
;;;;;;
;;;;;;
